Tenure_Months,Avg_Monthly_Spend,Support_Calls,Products_Owned,Referrals,CLV_Target
52,142.24189858210457,3,2,0,6731.44
15,423.61835812444286,0,2,0,6102.02
61,38.444647501915995,2,1,3,3211.34
21,452.8457562250033,2,4,0,8869.6
24,241.5091830198724,2,4,2,6268.37
3,325.8567088679746,2,2,1,1132.34
22,336.4898826587757,2,3,0,7195.51
53,449.65651553913744,1,4,1,21279.03
2,325.6014474402595,4,2,1,239.47
30,314.68812068482964,3,3,1,8700.66
38,51.992979469131186,0,3,1,1672.08
2,268.83585053369796,2,4,3,2027.16
64,92.08112039218,2,2,1,5388.39
60,373.9682089863131,3,3,0,20315.35
21,265.86652199008375,1,3,1,5612.7
33,346.5093340200096,2,1,1,10466.96
58,40.002992289144444,0,1,2,2286.39
22,60.70016770198555,3,4,1,2076.24
49,363.8352262700875,3,1,1,15109.99
59,54.600481279363215,2,2,3,4055.14
42,54.203229327324124,0,4,0,2169.24
60,25.812068112745976,3,4,0,1815.77
15,479.12067118375046,2,1,0,5544.04
62,374.00401254032334,4,3,0,20041.28
62,189.5606760809908,1,2,1,11293.29
47,162.33707901807452,3,2,2,7425.29
62,187.85755027800778,2,2,1,10347.24
51,391.8336949669673,4,4,1,16434.96
55,337.45789331379893,0,2,1,16075.06
64,108.89387257638461,2,3,3,7202.07
3,103.57248096036048,1,3,0,489.4
51,67.22991186243071,1,1,2,3995.54
7,336.9453054566423,1,2,0,2293.34
21,386.8988778664333,0,4,0,8038.38
39,147.22228559600194,1,1,1,5311.97
18,30.05358129483815,2,3,1,982.88
4,59.44240038868513,3,2,3,961.7
60,484.57281672561464,5,3,0,24389.34
14,161.81349318916173,3,1,1,2608.29
9,389.22711096230415,2,3,1,3375.89
53,319.83851305004663,4,2,0,14768.94
2,203.33102703339003,3,2,1,549.49
60,118.72988585386645,2,1,1,5976.02
71,78.26548071651509,1,2,1,5416.59
44,315.20622465865597,1,3,1,12102.02
8,391.8242147061382,4,3,0,2735.8
47,329.07404169974274,5,4,2,13441.45
35,274.545023959596,1,4,0,8507.09
36,40.1365872471854,3,4,1,1950.9
50,484.8746132453042,2,3,1,21061.23
4,403.3828119941958,1,3,1,2437.0
2,160.55457761646306,2,1,0,388.28
6,490.3857580922483,1,4,0,4739.15
54,308.9031630254346,2,3,0,14731.46
4,299.5628759394783,1,1,2,842.92
54,379.0751261261754,0,3,3,18495.33
63,409.64949828326604,2,1,1,22183.0
18,335.1097315191213,1,4,0,5395.27
44,81.48595825577601,2,4,0,3582.32
34,182.36840287735924,3,4,1,5733.76
62,465.4801473565039,0,3,1,25408.11
14,127.81549368504892,0,3,1,1526.42
48,198.6401714420064,2,1,0,8621.4
15,227.39690381321407,1,2,0,2501.37
62,230.91439505333705,2,2,1,12519.69
40,314.2109995973722,3,4,1,11063.25
53,472.67640211745965,2,2,0,21668.15
24,135.53250167960238,3,4,1,3412.47
26,78.32066062444068,3,1,2,2331.24
60,114.7858351327699,3,2,0,6416.21
41,445.72395210044937,2,2,1,16395.36
29,329.9891900744989,0,4,2,9251.12
15,157.23525883479687,2,1,0,2238.73
45,411.6545307049363,2,2,2,17447.21
65,433.4575982544493,2,2,2,25074.11
71,426.32688257133344,3,2,1,25993.19
9,461.08473614698613,1,1,0,4310.26
1,141.07568968321357,2,1,1,574.91
8,382.4201257982136,0,2,1,2677.53
63,241.0589586915872,0,4,0,13432.71
11,424.15930538722955,2,4,3,4471.98
8,369.67552503757435,3,2,0,1570.93
35,392.6947743198678,1,1,0,11316.62
35,334.9576820869143,1,2,0,10277.3
33,105.1658093454593,4,1,2,3464.15
5,281.6129210705304,1,2,2,1329.62
41,492.64147497176396,2,1,2,16428.99
28,469.9462719186171,0,3,0,12421.54
7,40.7233931825656,4,4,0,692.83
12,99.11111155012982,3,3,4,2869.74
34,83.22981125818971,2,4,1,3677.28
33,368.47035679294186,2,1,2,11251.37
48,412.5369583313336,3,3,2,17676.45
23,122.48545582912251,3,4,3,3465.94
62,262.8092926168779,1,2,0,14415.06
37,423.537453445376,3,1,1,13503.44
44,371.7447414878003,3,1,1,13881.77
35,280.2738586360872,0,2,2,8214.78
65,303.366891420211,4,2,0,16843.48
47,264.0130625198144,4,4,1,11691.09
3,162.82325663303388,2,1,0,955.52
1,291.21055657232773,2,4,1,1031.27
5,350.66494498404353,2,2,1,1527.89
14,439.1949996131877,0,1,0,5845.48
27,325.4198499100391,2,2,1,7921.28
9,385.33833778071585,2,4,0,3277.68
15,96.83438477819504,3,4,1,1442.37
42,241.54758772149916,0,4,1,10358.46
51,24.479177517004782,1,1,0,1396.73
63,138.40585497037904,3,2,0,7889.07
52,368.70162325424235,3,2,1,16293.71
4,496.06877664769445,4,4,1,2400.34
23,67.60548780186363,0,4,1,2144.48
15,212.71727161341835,3,4,1,3744.96
43,404.03406497559655,1,4,0,16005.05
29,117.93710462187144,2,3,0,2752.31
36,286.4407756650974,5,3,0,8513.77
13,371.8742220942439,0,3,0,4873.0
32,315.6730161248859,1,4,1,9158.71
71,110.25187261539975,3,4,2,7908.08
59,190.58459296915493,3,2,1,9825.35
28,396.2200565529907,1,1,1,9163.01
66,286.028726783368,0,2,0,15566.79
42,22.510214500598114,3,3,0,1269.3
45,385.27556481348506,3,2,1,15402.37
62,36.949450371314754,0,4,2,3356.23
57,377.9522157109914,2,3,0,18832.11
6,117.19066887931396,0,3,1,0.0
28,479.8752704573025,4,1,0,11662.85
28,196.61156062500055,0,1,2,4748.84
44,176.92717584227796,2,3,0,6251.54
30,91.46626415957344,1,3,1,2300.02
62,166.69002343530315,0,2,1,8537.13
62,440.7923656775363,1,3,3,24529.94
1,498.2404820610787,2,4,0,532.0
27,196.7885746432872,5,2,1,4236.09
62,235.33310285818044,1,4,0,12966.7
3,366.5940503373138,3,4,1,1115.32
70,445.37397462323577,1,4,0,27567.54
27,304.6612804096564,5,3,0,7872.96
9,207.9323351253581,2,1,2,2062.78
62,218.05848360733938,0,1,0,12205.03
37,353.8967103184673,1,4,0,12341.14
51,21.544766530053767,2,3,1,1570.26
44,317.4028819807235,0,2,1,13216.01
24,190.63664501185156,1,4,1,4448.23
59,401.21471901300043,3,2,1,19557.1
32,64.63550711510344,0,2,0,1541.54
52,302.3370881352274,0,3,2,14012.06
62,250.8669871453394,2,3,2,14308.0
58,328.3162524345091,2,1,0,15709.97
52,51.1297253518248,2,1,1,2349.92
12,298.392217965503,4,3,0,2752.34
39,289.5126022205714,3,4,1,10021.96
2,289.11684531976204,1,1,0,1193.41
3,309.67407996629834,3,2,2,1617.31
56,344.70460986865385,1,4,2,17190.4
59,406.3947198467695,3,2,2,21659.83
2,149.5139456615429,3,3,2,1078.79
2,416.0237168864298,2,2,2,1485.14
54,259.16272748645775,3,4,1,13101.48
1,56.987973984478955,2,3,0,295.89
19,48.104446037110016,3,4,0,1538.8
2,180.4343929741092,1,2,0,891.44
53,396.75054901350444,3,4,0,18266.08
44,359.68684867563957,2,3,3,13892.33
32,398.5351830427551,4,2,2,11466.49
70,268.2891470919725,3,2,0,16621.94
32,231.29551901863547,1,1,2,7236.97
68,90.7772128190163,1,1,1,6192.62
55,177.53252173246955,2,4,0,8618.99
56,228.32929576346012,4,1,1,11411.23
17,62.52820624621627,2,1,0,630.19
38,125.8937373013814,3,1,3,4904.53
24,307.14814115059465,1,1,0,6872.21
69,373.11829483481114,2,3,1,22934.42
70,499.2068054686158,4,3,1,30279.45
11,467.8943990449077,4,1,4,5201.69
16,328.43129577689194,1,4,2,5059.85
59,222.19906558115457,3,3,2,11865.47
70,325.3651350599517,0,1,1,19153.02
3,397.11277667851135,2,3,2,1701.54
20,76.8013716432259,5,2,0,769.4
59,216.75434705421836,1,3,0,10736.72
36,423.10509710509626,2,3,1,13993.27
19,204.2398169278611,2,4,3,4856.6
67,294.4986901890495,0,3,3,17842.51
19,302.12929321385514,3,4,2,5873.6
20,108.54860150414689,1,2,1,2420.79
71,193.87301199309843,4,1,1,12102.96
52,180.56541859612742,5,4,0,8493.88
33,32.574420095391105,3,3,0,805.91
40,31.612046667850517,2,3,0,663.27
39,419.21458096437124,0,4,3,14728.75
1,151.07398878694997,3,2,2,735.46
11,268.6778077946314,1,1,2,3534.18
57,163.38827532261107,1,3,2,8910.62
50,471.52603765536344,1,2,0,20581.16
23,144.4624442555714,1,1,0,2595.39
31,226.23527011468883,2,1,0,5992.08
42,438.91052023260886,2,3,1,16313.12
7,424.12811206006813,1,4,0,2691.61
16,109.32868056621311,0,3,1,1807.54
60,405.268788701941,5,3,0,20779.77
2,239.92970563418848,0,3,0,1135.58
1,251.8250586009705,0,2,1,378.62
48,84.07038675965302,1,4,0,3913.86
12,58.68872660341984,1,2,0,1299.88
69,369.4108673474073,3,3,2,22229.22
37,258.3013531305439,1,4,1,8931.7
32,229.68833725528617,0,1,1,6603.67
9,370.1639497531504,1,4,2,3795.66
19,387.44619151573266,4,3,3,8101.02
48,96.27592048128972,2,4,0,4544.5
3,312.90807174926783,0,1,1,481.2
20,84.96995949328905,3,1,4,2982.95
24,380.6600412939419,1,4,2,8955.21
54,335.33847500822696,1,1,1,15572.33
33,479.1750181200598,0,2,2,14969.0
24,53.09984785108217,3,4,2,1793.96
36,47.386266152602076,1,1,0,2110.38
38,155.44979585273606,0,1,1,5456.27
25,145.61872819323486,2,4,3,4729.28
18,138.5498235545599,3,2,1,3667.56
66,455.0021986500976,1,4,0,26175.62
54,139.78217592776292,5,1,1,6555.18
35,150.53586854174287,3,4,0,4543.02
61,384.5111659606226,3,1,2,20392.55
41,235.8751243762592,4,3,2,8557.19
33,392.82106733848696,1,4,0,11480.82
68,51.37575563090492,2,4,0,4422.28
33,254.03417296322448,2,1,2,7736.73
14,36.13452808797567,2,1,0,313.89
21,50.073537658570174,2,1,5,2135.65
48,455.08997760531724,3,1,1,18615.39
20,86.83777813644568,3,4,1,2551.28
8,275.56192749210425,2,1,0,1894.32
7,217.32588924833914,3,4,2,2915.58
67,186.7247966042445,1,2,1,11014.64
17,451.9200059298908,3,4,1,7112.92
33,30.47523045223496,5,1,0,497.13
48,338.6190493642828,0,1,1,14035.73
59,482.4293284225042,1,2,2,24010.6
22,288.8807280616841,2,4,0,4965.5
30,469.67478177588407,0,2,2,13110.81
38,45.08378205729141,2,4,1,1653.23
51,221.02079315559746,0,1,0,9897.9
54,144.87573966178456,2,4,1,7223.39
8,370.7940631907503,1,1,5,4332.44
27,491.0226034386784,3,1,3,11093.83
27,143.13442997323895,2,3,3,4617.23
21,334.0038087075557,5,3,2,6841.83
30,115.08686372467525,3,4,1,3779.33
28,291.35852219437277,1,1,2,8040.23
64,242.68759361040136,1,2,0,13486.82
69,486.5625582231378,3,1,1,27472.03
61,312.09309089430394,0,2,0,16686.84
48,187.763058601673,0,4,1,8636.65
19,74.76597674620803,1,4,2,2179.94
4,92.59847779276859,1,2,1,528.33
35,128.15212637659283,2,2,4,4891.12
64,140.46399744334303,4,1,0,8151.06
49,428.2957077637461,2,4,1,18125.55
17,289.386938375612,6,1,2,3787.69
44,271.22763745969587,1,2,1,10009.32
30,75.08905849722439,2,3,1,2512.86
46,432.8670528077288,1,3,1,18442.98
6,366.9508655400722,3,3,0,3252.44
37,52.48081371200076,3,2,1,2277.65
24,359.76084667028897,2,1,2,7428.24
46,280.8983443244701,4,4,2,11517.69
53,59.22816595845356,2,2,1,3416.92
60,239.9843079337551,3,3,1,13363.48
63,252.65421782242254,2,1,1,13565.93
32,99.57177927837236,2,4,1,3966.61
33,473.9351105601355,1,4,2,14225.61
67,427.98817831071773,3,2,0,24906.06
18,341.130721917972,3,2,1,6173.32
25,241.90186928029146,2,4,1,5276.66
54,217.64745996056408,0,4,1,11024.58
58,332.467264232458,1,3,0,17461.72
67,281.8072973153146,1,4,0,16356.73
46,49.89109082330509,5,2,2,2182.41
24,266.0012714097592,1,1,2,6245.67
32,407.073736271763,3,3,1,11704.6
47,240.43514124653987,2,3,1,10077.84
23,44.939157226048835,3,4,0,1342.85
66,397.4135357043359,4,1,0,21431.91
27,116.6546154252677,3,3,0,3137.16
2,144.13800074625863,3,2,1,1252.59
17,99.05904964750204,2,4,3,2441.6
33,178.50323113831882,3,2,1,5099.55
9,383.2407227305448,2,4,0,3526.63
43,269.3052125618899,2,3,0,11440.07
48,118.34301159234202,5,4,1,5848.44
39,441.3584375129796,4,1,0,14552.0
42,442.199290376734,1,2,0,16062.15
26,437.8776440220833,2,1,0,10359.22
50,134.62218146313887,3,2,3,6302.42
25,236.5948852068743,2,2,0,5493.53
24,492.79503494762,2,4,1,10202.44
13,390.56598862879537,0,3,1,5473.85
60,33.040362188268716,3,3,1,2157.02
7,51.29820380503618,2,1,1,680.58
57,242.68706086991972,3,4,1,12321.98
36,456.4256988135489,2,3,2,15195.68
45,278.5768630173028,3,2,0,10743.83
20,258.9500038564593,2,2,1,5788.94
65,70.62737597918269,2,4,1,5137.93
8,335.2544502676611,2,1,1,1979.81
16,414.60951708810825,3,4,1,6450.82
14,202.6016036036299,2,1,0,2765.98
15,392.29368844415717,1,4,0,5329.43
66,482.94879387238956,1,2,1,28254.95
32,117.80790038129076,3,4,1,4312.25
63,271.1982229734758,0,3,0,14936.27
51,157.82621988059626,0,3,1,7913.56
25,400.5701211362429,3,4,4,8771.1
58,297.2448156229556,2,1,0,15323.21
63,324.5995604241458,2,1,2,18352.14
62,402.99879661562915,0,2,0,20992.57
22,210.06582687797834,2,2,0,4240.25
58,459.24323283538075,1,1,1,21922.53
58,275.8538562781472,2,4,1,14025.27
49,95.81831496096704,3,2,1,4787.02
52,354.0315767210252,1,1,1,15997.07
42,400.76544821036214,5,1,2,14698.2
70,172.0456049924128,1,4,1,11059.17
15,431.4460433594014,2,3,0,5824.1
54,454.9487622875679,2,1,1,21713.02
60,152.91415394134827,1,2,1,8070.6
8,492.0903069033066,3,4,1,4290.2
53,87.54153346340404,1,4,0,4105.26
60,116.96752083319518,1,4,2,7286.02
5,108.42792283425254,1,3,0,751.98
68,449.1150608037778,1,3,1,26592.35
6,334.0604251159817,4,2,0,1654.56
47,93.01005594669098,0,2,0,3934.1
55,231.3552408168075,1,4,2,11453.22
40,315.343052033505,1,2,0,11127.35
52,60.06276079490398,1,1,3,3692.83
16,443.55985683552257,1,3,1,5993.11
13,405.7296970119369,1,4,1,4988.4
30,262.49925131678634,0,4,1,7556.67
19,484.2207753244018,3,1,1,7760.63
17,220.52527005204786,0,1,2,3745.17
63,492.37295313751895,3,1,1,27514.26
19,340.601599425741,1,1,2,5626.87
58,324.6422111618919,6,4,1,15515.89
55,99.65834974197679,1,3,0,4854.57
62,443.32532398622914,2,3,1,23802.06
23,225.19505020189527,1,1,2,4805.39
9,97.8720347755901,1,2,1,1347.52
12,26.05160958836434,4,4,2,863.91
1,288.68272814642364,1,3,0,128.15
58,273.15181861888465,2,1,0,13231.92
1,365.2897387371961,3,2,2,659.92
34,447.323865448545,0,2,0,14338.26
48,58.115160628654166,1,1,2,3486.94
1,371.11831536337394,1,4,1,309.8
16,109.95773316683946,1,3,2,1715.38
61,431.9249855154387,3,2,2,23016.07
64,413.15048665359495,1,3,1,24098.75
63,279.5810023930613,2,3,1,15874.5
69,360.9165433391895,3,2,1,21566.96
22,170.88805432819922,1,1,0,3124.82
67,246.16059148775102,2,2,1,14934.57
26,414.3857109010264,3,2,1,9663.2
16,240.44729464314267,1,4,2,5052.81
51,191.74316735621207,2,3,0,8003.95
57,257.22197468014394,3,1,3,13408.98
29,417.5596411698648,2,3,0,10366.25
69,180.8998627380189,0,2,1,11321.53
47,103.40556470515702,3,1,1,4484.28
62,361.7667297587748,2,1,2,19870.2
69,416.4695420998793,2,1,2,25482.78
16,68.30598969129599,0,1,3,2293.36
48,135.13957412285347,1,4,1,7036.09
39,88.14655508527707,0,1,1,3327.49
33,187.01187755944,1,2,2,5787.27
23,236.16846987459806,1,4,0,4659.6
10,379.4366417423871,2,2,1,3898.18
69,332.5508407432036,3,2,1,20308.41
34,318.04571238964695,3,3,2,9387.55
52,189.13997437263413,2,1,1,9121.64
10,423.89482548068474,2,1,2,4111.22
19,246.21784035111898,4,2,0,3565.07
58,489.97037024727416,1,1,1,24048.24
1,324.3882263819537,3,4,1,554.77
69,80.60707595096132,3,3,0,4727.67
4,344.5652297962083,4,1,1,1660.68
16,176.0499274072155,2,1,1,3039.47
24,349.4370544093268,4,4,0,8355.13
2,53.427751117954756,3,3,2,677.71
32,103.9430898444605,2,4,0,3457.96
24,430.7538842747774,3,2,2,9118.92
12,129.04618737128715,2,2,2,2033.61
50,421.7797401166112,2,1,1,17479.33
35,154.052522458117,4,3,0,4429.59
33,328.58331682817965,4,2,1,9959.62
33,353.1922752847189,1,4,1,10005.03
61,266.0742815096254,1,2,2,14817.2
51,166.54912481443102,0,2,1,7510.75
43,122.06930065812614,3,4,1,4481.45
12,35.930890189964586,1,1,0,0.0
67,165.89427259554742,6,3,1,10438.11
65,333.51813945501584,1,1,1,17892.51
33,470.3863128552717,1,4,2,14214.88
40,438.178151486265,3,2,3,15996.79
43,387.71109273694526,3,3,0,13837.31
44,398.45472476158335,0,1,0,14775.87
29,339.19275366847774,2,4,0,9095.96
13,144.93769163168145,1,2,2,2465.81
12,455.4536147387983,3,2,2,5067.57
46,341.95150971480035,1,1,0,13586.88
2,289.0115028706112,3,4,3,1660.88
35,73.27494522247092,5,2,0,1928.25
8,234.5866610270842,0,2,0,2396.15
26,240.97197017692463,1,3,2,6317.7
34,434.9905325708816,2,2,2,12327.98
7,282.39114569013844,1,1,1,2265.39
68,202.59226350579664,5,4,1,12087.83
58,488.8641576851165,1,4,1,24748.42
29,73.14588479663152,3,3,2,2620.8
36,222.8232455897334,2,4,2,7502.16
21,40.17184408227454,2,1,2,1854.19
36,375.1539779681266,0,2,1,11301.6
10,460.6767450555923,2,3,3,5055.82
24,154.41791818423494,2,4,3,4553.97
64,432.004004863578,4,3,3,24542.28
49,160.26475062171093,0,3,1,7302.43
36,457.1696775890793,3,4,0,14255.11
24,381.9017137264563,3,3,2,8211.47
23,406.35525288389056,3,4,0,7996.18
62,28.64314668821816,2,1,0,1933.65
37,482.14897139553244,0,4,1,15774.57
12,368.80207619375517,2,2,1,5254.61
55,166.280525785344,2,4,1,8789.91
13,418.1094391322465,1,2,0,3517.14
23,155.13017523916636,0,3,1,4066.28
30,438.9218429917414,0,4,3,12514.89
17,74.03858739772977,1,2,0,856.42
62,357.769269181182,0,4,0,20079.03
13,279.53526878955694,2,4,3,4157.16
59,66.33654569381159,1,4,1,3958.22
19,136.10903756424273,3,1,2,2851.25
49,25.9539374131111,1,2,1,1943.66
12,245.00862342296278,1,1,0,2652.01
61,164.6073251648002,6,1,2,8930.88
19,307.2115924629242,3,2,0,4810.36
9,162.67414770013625,1,4,0,2228.75
71,163.96117352335264,1,1,1,10297.06
28,376.7327353911696,4,1,3,9576.14
52,43.10856126960965,3,1,1,2058.01
16,453.38959769215387,0,4,0,7306.92
69,429.0866597077671,0,1,0,25180.96
12,340.5462479486751,3,3,1,4522.67
25,304.74635365154444,3,2,0,6427.53
52,448.30519910703305,4,3,0,20463.69
53,108.95848617378293,2,4,1,5741.99
23,57.905197851597734,1,1,1,1174.29
16,134.9648815565783,4,2,0,1923.56
57,401.39757377609135,2,1,1,18660.88
39,36.641728028711995,1,4,1,1782.83
53,299.747280840075,2,2,0,13003.8
42,497.8100077718288,2,3,0,19228.26
58,430.73412504201895,2,2,0,20638.11
39,270.293930740923,1,1,0,10190.44
14,50.547636457588325,0,2,2,1568.8
5,419.0592869051407,3,4,2,2481.62
35,307.50968392506104,4,4,2,10434.3
18,75.16783858859208,6,2,1,1212.49
9,65.05149671521097,4,4,1,698.93
58,456.62087332956435,2,4,2,23563.18
17,341.21612621027765,1,4,1,6065.03
7,418.0576636720427,4,3,0,3408.19
46,441.90987213548834,2,1,0,17597.97
13,294.45072898319467,3,4,0,3481.94
40,268.3742488424198,2,2,1,10186.63
42,226.60515695407528,3,4,1,9285.47
9,172.13436213973725,0,3,1,2120.69
50,228.60606121218166,2,2,0,10427.39
27,391.4622347504751,2,1,4,11127.14
66,308.92324688726313,2,2,0,17293.56
5,448.4111791783261,3,2,4,2599.13
29,232.8224069020101,2,2,0,5710.6
37,311.40299778500196,2,2,2,9888.59
38,323.02762548415456,3,4,0,11171.65
8,304.0146379070363,5,1,0,1264.61
65,357.26421108104785,3,4,0,20809.32
17,133.968064819907,0,3,0,2139.16
71,265.9346132219795,2,3,1,17247.43
45,70.02790534800688,3,2,0,1986.92
4,204.56543726951003,2,4,0,1050.57
36,254.08019293820692,3,4,1,7937.69
70,333.0676445818268,2,1,0,20508.91
31,476.2549052413777,0,1,0,13602.85
19,308.31251194321084,2,1,0,3974.67
61,376.9250797647487,1,4,1,20771.51
54,263.00770855769736,2,1,2,13093.2
39,324.369935060639,2,1,1,11213.39
19,54.04746374421124,4,1,1,1285.21
39,142.10795880408654,0,2,3,5952.36
67,193.68948473846658,2,3,0,11735.68
45,246.79681040312653,0,3,3,10177.43
13,41.91139784114419,0,4,0,1448.43
58,87.21156682559248,1,4,1,5176.46
20,152.87086773982676,2,2,0,2865.02
61,486.33569163250434,0,3,0,25974.28
39,179.04656340946437,1,1,3,6295.4
1,251.3797078937996,4,1,2,22.39
3,114.12690211442862,3,4,1,962.81
62,313.1744341163688,4,3,0,17479.05
63,154.72794344766766,2,4,1,8598.36
25,119.35643765044486,2,4,1,3359.32
56,267.95486165407,2,1,0,12503.63
33,22.642783597001994,1,1,0,475.2
38,23.678735671628157,1,3,2,1825.98
6,125.15302836889174,1,4,1,1718.61
58,37.62625400039415,1,2,0,1858.89
44,71.85236198273186,3,3,1,3718.29
45,182.65311168260075,2,4,0,7661.82
32,405.24112619831016,2,3,1,11511.09
45,294.5833488172644,2,3,0,11783.26
61,266.08050845907985,0,3,1,15378.09
47,160.87463513989837,1,2,2,7468.61
21,467.24178532775187,4,2,1,8337.43
36,210.567219793852,2,1,0,6495.78
19,61.804528061970316,4,1,1,1261.58
20,316.1919277365446,4,4,2,6600.06
57,74.64242886876868,2,3,0,4057.23
18,185.7071085448122,1,4,0,4140.9
47,263.55773058454827,3,1,0,10446.25
49,439.62681184888436,3,2,0,17576.23
14,256.90235856325694,1,1,2,3754.05
15,357.08420769519887,1,4,0,4896.73
31,496.55208271955377,4,1,1,12479.52
1,83.11477755103118,1,4,3,1135.35
54,151.87113224936937,4,4,1,7506.15
3,209.39651628687028,0,4,1,1845.24
16,222.47752569863906,3,4,1,3130.73
57,217.29011612746197,3,1,0,10685.64
12,455.65328122714635,3,4,0,6284.69
16,362.7356693440911,2,4,0,5359.03
24,311.7945027635378,1,3,0,6672.5
28,168.4989045741354,0,4,0,4886.85
8,415.4193844262214,2,1,0,3149.97
36,478.4290455127947,2,4,0,15914.3
8,414.17517562410876,2,2,0,2941.65
58,20.751250491906994,3,2,1,1655.98
60,325.4726576880354,3,4,0,17396.4
50,44.54498309220835,1,2,2,2540.02
28,143.65146576018648,2,2,0,3586.52
41,48.57185616693041,1,1,2,2294.1
64,309.8218174157061,2,3,3,17401.26
27,349.56315847645124,0,2,1,8387.94
63,74.95406627163446,1,2,1,5023.71
17,204.24266386159016,1,3,1,4023.59
33,238.99352429866016,2,3,2,7320.49
29,197.14545044523996,1,2,1,5358.36
13,78.09200023289266,1,4,1,1997.26
46,221.0949392899882,2,2,0,9036.85
35,380.5654629480407,4,4,3,12884.01
6,54.08367897596263,0,4,1,1300.51
69,58.48640675931365,1,4,0,4056.15
47,190.29022008127242,4,3,0,7806.54
25,472.028341577084,2,2,2,10100.01
66,340.91487042699873,1,2,0,19705.99
10,345.7615792028311,1,1,0,2939.11
56,193.72159560217517,3,3,1,9132.17
30,304.95717978009844,1,1,0,7634.51
5,24.86296833331682,3,1,1,636.95
33,325.3261022765803,3,4,2,9203.86
65,458.3777348365936,2,3,2,25640.56
18,314.0352648055132,2,1,0,4927.41
49,439.3753248638456,4,2,1,19400.52
11,367.50706662372505,1,1,0,4024.93
26,77.86803987377132,1,3,1,2884.84
63,453.177587497204,2,2,3,25337.08
59,51.893045290771944,1,2,2,3289.25
27,276.30438682292663,3,2,0,6875.68
49,88.22581942085968,3,4,0,3830.12
33,25.61917315083395,4,2,2,1032.88
1,222.57644486126674,1,4,1,519.12
21,161.619539673995,1,4,2,4354.57
55,253.28023702284946,1,1,1,11839.79
6,297.0559456325844,1,1,3,2818.78
69,40.994754708294735,2,2,0,2661.92
5,79.0415816593979,0,3,1,1409.99
3,288.14835029620417,1,2,3,1248.91
53,184.72032952287594,2,1,3,8886.22
23,370.00327402373506,4,2,0,7573.75
53,333.09999132413105,0,1,0,14955.09
37,425.8900942351553,0,2,3,13165.29
17,352.39655680122814,1,3,0,4843.66
1,226.3669171472711,1,2,4,987.43
51,343.02397874932757,4,3,2,15150.12
45,152.1829636426009,2,3,0,6437.41
4,167.03047941354208,2,2,0,907.17
62,398.7128767619808,2,3,0,21453.18
65,234.28136787275943,5,3,1,14256.94
32,403.2225634488092,3,1,0,11572.16
34,414.76273936077365,4,1,0,12363.47
39,431.6299220774162,3,3,1,14102.25
26,459.9849132037795,0,4,1,11047.22
34,226.8729058463822,3,2,0,6845.12
54,173.05607279414664,2,3,1,8392.78
3,299.45539836517463,3,2,0,1696.02
50,198.16276325006123,3,1,0,8457.35
12,308.5156000641118,1,2,2,3343.87
65,358.68121406903583,1,3,0,19744.05
54,350.4344088762257,4,3,2,17939.55
5,199.78538576965826,0,3,3,1881.08
57,100.09289681540136,2,3,1,4731.92
17,226.65408246185962,3,4,2,3992.43
47,88.44518915931619,1,4,5,4709.62
23,447.246576888228,0,4,2,10324.0
14,186.02118115417156,3,3,0,1760.37
66,94.14067866719542,2,4,1,5554.63
51,32.21492475476042,1,2,1,1902.78
38,329.99474541751243,2,3,0,11534.69
64,325.7131123782768,1,1,1,18041.66
38,183.48999995902,0,3,2,6384.05
50,54.42170664687248,2,2,0,2582.66
30,216.62186954971136,0,4,1,6182.85
51,169.3843976304289,3,3,1,8343.56
63,345.0179070728045,2,4,0,19389.6
52,310.7740397372914,4,3,1,14011.6
38,195.0049895348192,1,2,0,6863.62
30,124.58842604239524,0,3,0,3725.27
51,494.2572637546841,0,4,3,23523.87
5,237.92077817413514,4,4,0,1740.01
29,350.37163317451376,0,2,3,9946.59
4,87.46542443761317,5,3,0,978.85
10,253.08305583651094,0,1,3,3057.78
56,33.21762553734344,3,3,4,2651.39
17,262.618456597016,2,2,0,4091.46
17,482.72835541649715,1,1,0,6888.02
69,204.41922223318412,1,2,1,12737.2
34,38.71808603595756,1,3,1,1793.74
6,34.8587796412849,2,1,0,365.68
53,206.23364477449735,3,2,1,9220.43
66,96.81196950233314,2,4,0,6118.24
43,31.209006237529238,3,1,1,1000.07
23,382.9825346960849,3,1,0,7975.01
55,240.09104426330754,1,2,2,12383.87
16,158.83749054687416,2,4,1,3052.21
8,452.03992784791075,2,1,0,3296.98
4,75.74670089625229,2,2,0,391.97
4,478.8410378985532,4,1,1,1522.67
56,170.70402434112935,1,1,1,8474.74
25,446.43376270816697,0,1,0,10674.09
67,309.4125807101415,1,4,0,18280.32
67,416.819532675914,2,3,2,23913.68
27,492.32631834102284,0,3,0,10815.85
32,158.43461015299795,1,4,1,4569.08
50,481.3450329956446,0,4,1,21103.01
61,206.95130955316176,2,2,1,11701.14
51,205.04571427372272,2,1,1,8786.76
19,183.38581004216275,3,4,1,4233.57
21,279.8756515268409,0,2,0,5374.73
5,93.9896207256738,5,3,3,1542.21
42,285.78151297184536,5,3,3,11379.38
61,280.01830995680194,1,3,0,15183.85
22,385.7128700503376,4,3,2,7780.09
21,420.1519817300411,2,2,1,6768.98
70,231.41184814996353,3,1,1,13789.42
1,165.119959688717,2,2,0,10.68
5,144.48075071220535,3,1,1,994.65
12,113.41944161833852,2,3,2,2095.08
46,47.67083945553195,2,4,0,2285.72
34,184.3750298406624,2,4,2,7026.93
49,149.71889222277596,2,4,0,6505.61
45,483.88034521587554,0,1,1,17702.21
27,287.70023660002107,4,3,2,7425.74
26,186.69297873464362,4,2,1,4963.68
47,298.62444847697407,1,4,2,13114.07
56,86.81441664593385,3,1,1,4274.89
63,233.1409996170574,0,4,2,13684.86
48,320.59247428211063,2,2,0,14136.61
61,254.67095926037666,0,3,2,13780.72
26,212.85382431407564,3,2,0,4881.62
36,497.0472266718551,2,3,0,15937.12
1,442.55108583148495,1,3,0,913.51
8,319.23485991653126,0,3,3,3256.87
52,293.3011333674957,0,4,1,13623.49
47,317.91703031580033,4,2,0,12689.89
56,116.62981175476796,2,4,3,7002.21
14,209.66611676687293,2,2,2,3396.83
28,38.94057578763167,3,1,0,1610.99
2,248.2620979936768,5,1,2,195.25
26,280.6518002996783,3,2,1,7391.46
14,129.3198733295406,0,2,0,1764.34
59,482.7338466394466,0,2,2,24960.06
56,456.53821324987615,2,2,0,22394.86
7,366.6287530188348,2,3,1,3203.42
3,276.025581807374,2,4,2,2220.48
23,437.5851966308888,3,3,0,9583.01
18,82.7131250352622,0,4,0,1851.91
38,399.4447012519448,0,4,0,14195.49
15,79.91399070408718,3,4,0,1270.02
64,401.2211180237146,2,3,1,22283.59
28,152.36843276065133,3,2,1,3972.9
39,441.0034788887307,1,3,0,14750.15
57,473.14020503619093,3,3,0,23270.76
17,91.42206531445551,3,4,0,2095.95
44,242.0842904313889,1,1,2,9933.2
25,490.8739415180888,3,1,0,10111.62
17,252.03556926711036,4,3,3,4365.61
13,434.50281080698164,2,4,0,4868.83
25,302.5911306230335,1,3,2,7375.13
68,200.1583558014089,4,3,2,11706.69
10,157.1761066524177,1,2,1,1503.83
67,117.54708372132188,1,4,0,7084.69
18,385.6631318612947,3,1,1,6685.77
34,205.53944327505337,1,1,2,6491.86
8,265.4122218563606,4,1,2,2710.04
40,256.3162304005673,3,3,1,9360.06
42,297.093934031903,0,4,1,11243.51
41,435.47702989978507,2,2,1,15412.12
6,490.7548849200461,3,1,1,2131.91
52,215.64042011543214,2,4,2,11521.37
26,417.20908261102545,1,1,1,10140.13
64,386.97334143426446,4,2,0,21469.28
59,295.29389669867516,1,4,0,14780.57
56,478.9026289337279,1,3,0,22957.13
59,116.22776745363333,0,3,0,5929.54
70,72.44682094861828,3,1,2,4868.48
33,429.9017441386026,0,1,3,12481.23
53,230.79191198419917,2,4,0,10628.74
22,426.545050019389,1,2,1,8018.85
21,448.68329849379916,1,1,0,7988.28
70,49.97964493715429,2,4,0,3507.0
70,444.06308623330915,4,2,0,26430.42
4,235.19314657732264,4,1,0,1409.79
62,265.00759472203146,3,1,1,14581.71
62,320.7644053247409,4,4,0,16963.79
24,464.66365123044164,1,1,2,10257.47
55,29.175725326286734,2,3,0,1503.55
9,248.8848647925522,1,2,0,1991.26
3,350.1065803666691,1,2,1,1625.42
31,366.89933969514965,4,3,1,10509.61
40,352.4155671378118,2,4,1,12462.39
36,84.52886211589849,0,3,0,2658.43
24,163.709882418407,3,3,3,4438.17
6,192.18345220016647,1,2,0,1407.29
66,406.1298596861624,2,4,0,22972.78
4,153.80473875898545,2,1,1,1140.7
6,121.13838265625752,0,3,3,2048.32
51,479.57504913828615,2,3,1,21047.17
62,24.25437685446507,5,4,0,2005.96
57,498.95401072734956,2,3,0,25172.11
66,344.8742234515499,3,4,2,21289.29
8,417.6652637355762,0,1,0,3861.12
26,161.41731024617272,2,4,2,4233.69
51,26.87133328018879,1,1,1,1809.79
45,374.17736890953444,3,4,1,15455.74
44,420.38940656032435,2,3,2,16404.77
5,375.4285433376892,1,1,1,2172.44
70,88.56813790440253,2,3,0,4983.37
26,381.64540268334514,1,1,0,7604.16
68,389.0829354116677,2,4,1,22401.03
19,336.09944752162636,5,4,1,6235.2
20,387.7356477418814,3,4,1,7522.08
12,426.04229104531146,4,2,0,4325.12
47,314.52997483398,2,2,2,14062.5
1,62.53026270544595,2,1,0,440.13
14,254.0613486402612,0,2,1,2890.8
64,57.27168064237043,2,4,3,4319.06
38,215.62065489556682,1,2,1,7086.33
37,215.41111478030126,1,2,0,7198.47
11,51.68472518731596,2,3,0,833.29
3,187.43385630535008,3,1,0,145.31
33,73.27908741983111,1,1,0,2730.9
6,407.95290080442663,2,1,0,2169.49
50,474.89025246294597,1,2,2,20714.24
10,54.71190812381053,2,4,0,892.18
5,478.4552995000167,1,3,0,3311.27
23,270.83676768163764,1,1,1,6046.64
10,163.79152541785948,3,2,2,1995.23
44,56.893796132558485,3,4,0,2266.98
2,260.29964867380056,1,3,2,987.82
13,401.3674613555594,0,3,1,4893.71
40,359.40150908801513,3,1,1,12727.94
2,44.10848550270741,3,1,0,333.63
65,54.99288097659368,3,4,2,3765.74
63,213.37917566366582,0,2,0,12052.12
17,161.73943714301276,0,4,0,2591.07
9,131.54447506690298,0,1,0,932.55
15,154.88215947618252,4,4,0,1847.64
24,405.67171678250463,1,2,4,8786.85
38,466.02946574328985,3,3,2,15377.68
35,214.44929337323188,0,3,1,7069.39
49,454.93328102359857,0,3,2,19373.68
69,174.31793659898335,4,3,1,11323.74
62,248.68975344501996,1,1,1,13065.25
60,128.49391895167986,2,1,0,6680.19
50,327.4285002444051,4,2,0,14647.93
9,489.91093528390826,1,2,1,4303.23
34,309.67668610082177,0,2,1,9334.13
35,191.75076037450344,1,2,2,6517.78
1,330.95237407545363,2,4,1,779.84
40,79.00192566338603,1,2,2,3101.29
64,446.55635852739135,1,3,2,25518.28
22,261.4802963743215,1,3,1,5293.51
60,235.6878761790282,3,3,2,13226.5
64,301.21509845768924,1,4,0,17299.9
11,319.89625413891315,1,2,0,3322.53
14,54.45238698872625,3,3,1,1530.68
60,347.65626618723314,1,3,2,18377.68
30,136.1272065514542,2,3,2,4619.72
35,362.6972636031631,0,3,0,11615.01
37,414.81670130441444,1,1,1,13248.04
5,405.90008362520973,3,2,1,1923.95
26,285.2004643557868,1,2,2,7203.56
62,269.6815483091606,4,4,2,15988.09
4,88.58046144291762,2,1,2,781.22
42,392.16615219350507,0,4,0,14376.71
18,150.2765026144229,4,3,0,3011.29
40,258.41380295261433,2,4,1,9575.31
39,156.45156460520803,1,3,1,6168.92
14,84.2376142398527,1,3,0,1911.93
32,322.18769450803353,2,2,3,8844.19
51,46.07937671499384,1,2,1,2490.4
38,379.34971238057597,2,2,2,12850.47
23,172.441661725336,2,2,1,3459.56
63,20.064652642152954,1,2,4,1734.62
15,265.3419868338703,1,1,0,2799.52
25,42.4889160932495,5,2,0,1011.42
17,152.56138775403176,1,4,2,3058.56
66,359.3487139787438,6,3,1,20204.84
53,50.09101837849562,4,2,0,2407.29
51,422.8824763308811,2,1,1,18287.96
39,21.833562876119892,1,4,1,1929.92
51,138.47545721691307,1,4,1,6578.66
70,375.6339469529943,3,3,0,23399.54
6,171.80967187006726,2,4,2,1874.65
67,68.9083462716865,1,4,0,4261.3
7,192.91228102420538,4,4,1,1530.57
51,149.78877746457226,2,4,2,8070.86
42,424.50171303706634,1,1,1,15866.15
64,170.4070004408687,3,3,0,9292.61
15,398.68758645248346,2,2,1,5602.73
29,448.09862950915266,4,4,1,10479.57
33,228.23236139673418,4,1,1,6070.48
27,456.7727090501082,1,3,0,10491.49
36,201.11266590233257,4,2,1,6213.69
29,482.7576399152519,0,3,1,13256.68
38,62.858971772275005,3,1,0,1410.93
57,349.76924792155654,3,1,2,16783.28
27,257.03073941932576,2,1,2,6652.71
55,206.07142661871057,3,4,0,10191.65
33,323.7017017993284,1,1,1,9273.29
68,357.85140398447896,4,2,1,22036.8
66,22.094369432148362,3,4,0,1896.54
10,100.13748259865538,0,3,1,1979.24
5,362.262104304473,2,2,1,1975.17
38,339.8649985175391,1,4,4,12277.19
13,483.70280246176503,0,1,0,5206.58
31,385.29813932037587,3,3,1,11174.62
47,476.3708997110423,1,1,1,19801.9
52,357.2194407367073,1,2,2,16439.47
56,163.06506014693272,1,2,0,8196.82
15,70.57516268041111,4,4,1,1892.59
29,395.27545440556906,3,2,0,9627.91
8,329.19162630843965,0,3,0,2528.96
5,43.12928594878219,1,4,4,1881.92
29,192.8242236324696,4,3,1,4564.07
47,479.26391143245735,2,1,0,19457.84
68,260.1925499408966,1,3,0,14960.25
45,227.70998528945822,2,3,2,9959.61
2,239.6958104764611,1,2,2,2064.23
27,120.26370752247858,3,1,1,2773.98
36,196.9794420151017,3,2,2,6154.75
36,197.51036287384477,6,1,0,5852.08
26,45.13040968998675,1,1,2,1516.82
43,388.43246168860077,3,3,2,15338.75
27,219.92212731386192,1,2,2,5898.17
69,414.6463456718832,4,3,0,24438.67
20,428.1670405375498,2,3,0,7685.42
11,121.75714625535588,3,3,3,1798.47
38,335.5296714416617,1,1,0,11330.49
6,246.6952659982312,2,2,0,2153.11
23,442.47523420231283,2,2,2,8736.16
47,123.55552600469798,2,3,0,4724.7
46,345.3503361488212,1,1,2,13918.14
12,311.7210186813068,4,2,1,2992.73
13,161.74470923447973,1,4,0,1856.2
62,85.56843375256285,1,2,0,4283.87
60,332.78708502909274,2,3,1,17491.85
43,374.52677990351873,2,4,0,13998.48
68,171.501125006408,5,1,0,9981.75
5,329.5196499307106,0,4,3,2488.79
37,209.66283565352157,0,4,0,6701.36
31,362.3393039756565,2,3,0,9899.52
9,115.6233319491455,1,2,0,760.75
51,447.30320126536367,4,1,1,19878.79
29,157.95660630347828,4,4,2,4182.17
40,196.5372741229534,2,3,0,6180.06
41,47.8841369985679,1,2,1,1652.29
11,73.52586191421267,1,4,0,1101.59
23,267.6137133019175,4,3,1,5627.29
1,148.4444848294263,1,3,0,582.42
46,421.0305083562533,8,3,2,16764.0
21,27.052826554377845,0,1,0,367.49
36,201.96514336252937,1,2,1,7259.85
54,181.92586244916447,3,4,1,9522.39
57,29.277262840448497,1,2,0,1983.78
1,79.6968315202449,3,2,2,837.72
63,218.54848396094494,2,4,0,12372.28
54,256.5750005347744,2,2,0,11641.94
55,214.05907868233717,1,1,0,10171.02
40,274.850085637805,2,4,2,9943.78
15,305.6632039547271,0,4,3,4770.25
21,24.763434141361103,1,3,0,341.75
47,242.76567653768186,0,2,1,10419.6
53,482.4796356260424,5,4,3,22949.29
9,269.1354944621834,4,4,1,2597.26
52,345.2202883802975,3,1,1,15318.72
57,169.69465180010394,1,3,2,8422.39
26,391.515861513326,2,4,2,9789.61
41,391.00231130053527,1,1,1,13825.08
35,270.2221028739867,4,4,2,9348.97
63,488.4866351740225,1,4,0,26793.03
25,80.26410308607362,0,4,1,2795.67
38,28.134879146998877,3,1,0,921.48
2,389.6759416434061,1,2,1,1257.35
7,407.4346579351436,3,4,0,3358.26
34,77.69946997787659,0,4,1,3030.32
17,147.4797598201309,2,2,0,2517.43
43,28.425134415981876,2,4,0,1409.58
59,160.78813317467106,1,3,2,8918.65
51,391.1080994809623,3,4,0,18209.21
54,268.6210533020379,3,3,0,12922.89
24,187.08588472077827,1,2,0,3858.46
25,198.43486155503854,1,1,2,4990.58
71,20.649740343424714,3,2,0,1014.0
52,163.90425323131322,1,4,0,7715.08
70,330.30019598620663,0,3,2,20159.38
33,487.6133330318514,1,1,2,14528.3
49,426.5891969522718,3,4,0,18135.46
29,31.32558302985398,4,1,2,1331.66
63,451.30909024392287,2,1,3,25384.55
22,395.93523838334045,0,4,1,8024.82
26,394.5805393140706,2,2,2,9219.14
28,239.8379643217143,1,4,2,6747.59
49,211.04254061816135,3,4,1,9155.97
71,165.39954983993246,2,2,2,10687.57
49,51.53353229809557,2,3,0,2519.91
20,129.55297447697558,2,4,1,3045.91
63,138.36974478945183,0,1,0,7714.59
61,252.35699346089677,3,4,1,13116.5
49,378.7733151664131,2,4,0,15656.99
71,247.42871763101436,0,1,4,15587.77
1,47.76533573463709,2,2,0,280.59
13,479.73910447433786,2,3,0,5507.59
51,472.50767316517386,2,3,4,20627.13
56,396.890980711236,2,1,1,20172.51
62,495.83739275082587,3,2,0,25205.84
32,281.3515197441262,1,4,0,8221.17
30,482.1288081215389,2,4,1,13359.11
29,56.29041949604037,2,4,1,1911.36
49,195.52675916545823,3,4,0,8863.24
45,128.1830086432476,2,4,1,5295.93
30,113.99988038444961,4,1,1,3188.08
16,87.58541546848451,2,4,1,1201.51
40,318.7585479516784,1,4,3,12681.75
19,395.03449075870645,1,2,0,6635.24
18,297.58323172177313,0,4,0,4437.33
1,90.54210060234064,2,3,0,654.05
47,409.33940956806606,4,1,2,17646.81
66,325.2582594385897,1,1,0,17923.4
38,206.31953894095784,0,1,0,6729.37
51,343.5825418573102,2,3,4,16011.41
63,144.75439003655976,0,4,0,8064.79
4,185.69226007722105,0,1,0,437.39
1,460.3932047033553,3,3,0,363.58
8,159.44216272228178,2,2,3,1819.27
29,245.59436871580957,3,4,0,6368.19
55,447.26774595008703,1,3,0,21090.09
3,359.70624812841316,1,4,2,2337.5
32,49.85754855905732,2,2,2,2284.44
10,90.70546125390577,4,3,1,761.4
34,23.763963570520072,3,4,3,1716.65
55,322.84245930999845,1,3,1,16324.92
32,234.8832441970008,4,1,0,6481.56
50,84.45192843309226,1,4,2,4758.67
7,479.80837810724984,3,3,0,3298.89
8,274.2366674938976,1,1,0,1855.43
65,136.1087811741868,1,2,1,8009.9
57,260.2897141542596,2,4,0,12947.3
67,346.2177597128517,3,4,1,20836.96
59,56.59482462731095,1,2,2,3463.63
54,151.85783122298815,3,1,2,7442.81
67,407.34343562431695,2,2,1,24028.58
51,240.6391377932774,2,4,2,11303.93
8,282.35702817550157,2,3,0,2248.83
34,227.75168106054525,0,1,0,6583.77
35,41.07197246864246,5,1,0,1118.26
32,99.55989431367485,2,1,1,2904.59
46,233.85998659610763,2,2,0,9130.51
16,120.40902339580535,0,2,1,1932.55
68,43.9899337566458,4,3,2,3257.09
37,424.9518387448754,1,3,2,14791.56
54,490.9724139987756,1,1,0,22980.85
14,400.70857951843493,5,3,2,4703.28
55,429.81676241824016,0,2,0,20172.96
48,136.14902255218178,2,3,1,5929.92
7,481.10094824633586,1,2,2,2773.04
7,114.52433813764563,3,3,2,1594.77
33,476.6863089736795,2,4,0,13829.32
23,497.5132611036565,5,2,2,11411.49
19,361.6269467581034,3,4,1,6394.67
19,490.94899126007454,2,2,2,8215.44
36,293.3790941922098,2,3,1,9197.47
29,144.58005592452338,1,4,1,4200.78
60,229.75802511949803,0,3,0,12412.57
2,304.90924898181726,1,2,0,1092.27
1,55.0791497729672,3,4,0,1470.25
47,318.7247670162781,1,1,1,12533.8
69,490.9653616459014,1,3,0,29247.16
20,111.25167189618926,0,2,0,1947.93
11,400.445655818424,2,4,0,4429.49
2,455.7914210142173,3,3,2,2320.01
67,472.976764553706,4,4,1,28068.54
12,480.86509011461465,2,3,5,5862.2
20,270.3006265863065,3,3,1,5458.04
5,489.10779583592176,3,3,0,1242.87
37,383.5088994245307,2,4,0,11401.02
38,97.60228939374171,3,4,1,3780.68
9,248.9120511046256,0,3,0,2613.38
53,364.7989641785619,2,1,1,16912.16
44,138.72335159316,2,1,3,6702.18
24,327.49528810346595,4,1,1,6951.6
30,339.9682299423772,2,2,0,8828.97
59,98.09587702811163,2,1,1,5632.73
14,291.240949977323,2,4,0,3809.05
9,390.3809172697317,2,1,1,3488.92
40,259.4699189772521,1,4,1,9819.92
66,25.809496052531564,2,2,0,1353.84
25,24.338465158060245,3,4,0,1103.15
22,191.37408510560584,1,4,0,4998.28
4,464.57315284725536,3,4,2,3149.57
26,129.76485420973222,3,1,1,2826.56
58,324.4945706584098,1,3,0,17483.62
29,126.59641793279388,1,4,0,3926.01
37,174.40159503658333,4,1,1,5869.2
70,427.0602030087123,2,1,2,25920.16
18,369.8534922895745,1,1,2,6594.82
42,65.7916531103411,1,3,0,2790.97
41,225.77697007348814,0,3,2,8826.44
38,34.00148654972695,2,3,1,1666.05
34,250.8272703694443,3,3,1,8228.16
17,337.9683256165127,2,2,2,5998.35
37,76.88125932711274,1,3,2,3272.35
25,158.6647706763995,1,3,0,3200.43
27,210.96158024103534,4,3,2,5626.19
57,461.3748918349039,1,4,2,23027.65
31,496.76240740302273,1,4,0,13384.99
6,41.557423517895614,3,3,0,486.89
40,385.2838032777882,1,2,2,13332.29
12,198.42755187312474,1,4,3,2686.11
53,208.3799293901504,3,1,1,9770.53
71,382.04718720657087,2,4,0,23579.72
10,460.8446874297961,2,1,1,4221.13
45,476.44572536122325,2,4,2,19508.96
17,297.01884129839397,2,3,0,4356.11
26,191.41815646424135,3,4,1,5076.9
62,398.023561212214,3,3,0,21958.23
46,140.4806639659041,5,3,1,5873.49
64,290.7555338400885,1,4,0,17218.04
2,192.11766153193912,3,1,0,361.4
54,335.1829153797805,1,1,0,15091.33
65,135.3914781888833,0,4,2,8892.8
51,111.96461395271638,2,3,1,5423.6
53,460.7547616042098,3,1,1,21580.25
36,68.86576781577772,1,2,2,3000.53
26,262.8597957127672,4,3,1,6187.77
29,126.00933582224428,1,4,1,4463.27
21,38.686382396320376,0,3,0,981.08
11,37.289032779884664,2,2,0,0.0
40,104.10645061079713,0,2,1,4399.63
11,436.0497701628801,4,1,0,4228.34
36,155.5897971089728,1,2,2,6001.03
59,476.2204018761419,2,3,0,23768.02
39,299.1787006348129,1,1,0,9911.66
54,229.5748110890077,1,2,2,11143.14
55,298.4426406413382,1,1,0,14476.66
24,268.0152249086085,2,1,1,6059.98
22,384.21260180351607,1,4,2,8345.48
69,155.5981116669691,2,1,1,9519.42
56,189.46418796814515,3,1,1,8829.17
33,449.16526521596035,4,2,1,13372.32
36,474.29912631219463,2,3,0,15297.43
20,448.42794919350774,2,3,2,9684.31
62,221.33503709951052,3,2,0,12022.69
26,394.5754414433032,3,3,0,9349.63
66,248.64115198452743,2,1,2,14711.42
40,258.81912903012903,3,4,2,9465.68
17,118.2464523474963,1,1,0,2262.35
1,303.7425455640879,4,1,2,702.99
61,109.34523092160701,0,4,1,6451.11
43,179.151055552253,5,2,0,6570.45
42,430.41449677756884,2,1,2,15891.82
25,119.3963884212105,1,1,1,2717.21
39,54.155976883247746,1,2,0,2120.67
35,53.12364445415183,1,1,2,2153.88
3,471.5765698414918,2,1,1,1415.16
44,263.3218102216806,1,3,0,10464.67
51,216.5177944721688,4,2,0,9536.99
12,409.22171888380086,3,1,0,3909.44
19,421.1964453970477,0,1,3,7312.46
44,179.45169589549022,2,4,0,7259.84
59,352.9366675874217,0,4,1,18194.03
49,390.1389516089056,0,4,0,16444.02
61,334.23232969565817,2,1,3,17764.16
17,92.7656359040477,3,1,1,1693.79
57,440.4238800881874,2,4,0,22469.43
55,278.7653853132842,2,3,3,14295.08
47,155.58676465760178,1,3,3,7705.73
12,224.10952901009307,0,3,2,3207.2
62,38.034123391475546,2,3,2,2909.77
8,81.37606458676044,3,2,1,1531.51
21,387.4624402476132,3,4,2,8290.36
70,20.005584682575748,3,1,2,1995.81
25,219.95159767150025,3,4,0,5030.65
12,270.80488692108247,0,3,1,3459.92
15,46.2245216004667,1,1,2,1325.44
59,487.07751822671975,2,2,2,24807.33
26,128.54015899984253,1,4,2,3034.9
26,166.01538542541482,4,1,0,3790.79
47,165.89240588241313,0,1,0,7145.55
32,130.59999781632797,1,3,0,3977.49
10,20.70743460142948,4,3,0,261.07
16,370.08550116223824,1,4,1,5677.76
71,484.08583990365696,2,2,1,28575.17
17,127.66087197682162,4,1,0,1693.46
23,338.2626520656428,2,3,1,6699.91
26,376.11023694018326,3,4,1,8685.57
7,427.24418196345187,1,3,2,2848.38
14,222.86201456653237,2,4,0,2635.02
7,165.40683470740603,1,3,1,1254.89
9,176.14166433105493,3,2,2,2258.06
48,362.05823988728616,3,1,1,14791.75
59,412.0541439227053,1,3,0,20508.88
39,107.17470452316928,3,1,1,4084.45
18,198.0516839157273,3,4,0,3546.65
59,452.931294439592,3,2,0,21635.12
17,407.2128894534748,2,1,1,6695.63
14,492.73203332598837,0,3,1,6602.89
31,382.03916464739876,4,1,3,11165.0
24,208.7336964934027,1,1,2,4772.09
60,303.5061603174261,2,4,0,16713.74
45,337.28684203871376,2,2,0,12932.25
3,57.65879183221949,1,2,1,0.0
37,281.35854036985523,2,1,1,8766.8
43,360.4739976668526,6,1,1,13546.47
40,100.31422592050899,0,4,2,4566.39
55,394.70322436426744,4,1,1,18611.44
39,300.2109346467736,2,4,2,10518.01
15,477.06645713484545,1,2,0,6347.52
4,40.36270313930801,2,2,1,592.63
25,147.35654602662413,4,4,2,4042.12
13,308.7458620639155,1,1,0,3760.94
33,162.34875785884674,2,2,1,5083.17
16,362.92359875419623,2,3,1,5424.29
42,384.32253561052687,5,4,0,13601.89
66,69.20766275190773,1,2,3,5342.61
55,266.6501428192485,0,2,0,13624.57
42,264.26746668370686,2,2,1,10648.08
34,197.25476970345971,1,3,1,6634.34
30,467.8039340334426,0,3,3,12234.67
13,417.2030335391462,1,3,2,4600.97
13,354.66050331662564,1,1,3,4512.22
18,362.87678515279885,2,4,0,6035.66
32,241.62374903029718,2,1,0,6591.84
39,462.0773701263564,2,3,0,15780.75
46,353.405805081577,0,4,0,13754.38
29,369.9109095947919,3,1,0,9912.83
62,433.61163381792574,1,1,0,23734.25
62,151.55436288425167,1,1,0,7599.14
57,407.3940338560174,3,3,1,19365.59
16,113.71548941911618,1,2,0,1769.5
56,185.76413707754617,0,4,1,10188.23
10,181.0930180495245,1,3,1,2181.72
30,489.6922248267875,2,4,1,13388.79
25,431.1378673990049,2,3,3,10044.98
5,356.5615335633247,1,1,1,1940.35
65,368.98724557538725,1,1,2,21449.14
49,289.7949413132341,4,2,3,13123.31
3,474.60352021208917,3,2,0,1684.46
45,258.20420138353353,0,4,1,10012.61
14,202.64850073754937,1,2,0,3524.66
30,98.25696172716368,3,2,1,2344.05
68,397.3787130853078,3,4,1,23761.5
18,372.5330873962839,1,3,0,6031.6
62,204.49041849158473,2,2,1,11193.64
37,32.09283870043009,3,3,1,1849.23
25,422.71871730464517,1,1,2,9225.83
48,25.480632057955344,0,2,1,1454.28
65,357.77589422194444,2,1,0,19278.02
53,485.72341266850736,3,1,2,23006.02
15,230.07743751113767,2,3,4,4403.92
49,132.7872343980573,3,4,0,6229.06
68,358.3380848208232,0,2,1,21651.02
12,412.22150816748086,2,3,0,5572.53
59,282.2865517173667,4,4,0,15378.2
37,484.1769321229502,4,1,0,15372.48
61,44.800986395821326,2,2,2,3083.86
43,262.30188718617353,2,1,0,9417.7
70,364.85789471482406,1,1,0,22173.05
39,434.0674261516059,1,2,0,15009.94
56,106.04269371573922,0,4,0,5390.14
63,404.00167124656707,2,4,2,23005.62
46,285.2993963449017,0,2,0,11901.55
11,210.34576735518235,1,2,0,1767.27
62,83.22321371796491,3,3,1,5015.74
25,435.34196427627796,0,3,0,9666.99
71,95.49113992626337,2,1,0,5821.02
52,168.69817242036763,1,2,2,7845.31
4,159.2218553419697,2,4,1,607.97
59,438.27873641161005,0,1,1,21987.51
20,342.89743722027106,2,1,0,5467.09
63,402.4070706518587,1,1,1,22080.94
54,140.22459142039952,3,1,1,6838.07
57,319.9395678113595,3,4,1,16359.86
41,294.43807190899935,2,1,2,10196.52
3,419.7585808583701,2,2,1,959.54
6,454.92178903100506,2,3,0,2354.83
5,25.835250309145668,0,4,1,967.04
5,343.52956114822047,2,2,0,1511.91
54,44.881183577469926,2,2,0,2370.21
47,283.45215923713084,1,2,2,12509.8
49,158.06370994096554,3,3,1,6769.59
9,167.25276777062777,1,3,1,1565.71
20,189.42008165713116,1,3,3,4428.57
61,318.22037554381285,2,2,1,16922.07
35,180.34398352100922,1,3,1,6310.27
50,371.6955442833346,1,1,1,16155.74
62,214.17314507545746,0,3,0,12445.47
17,52.80953614878014,3,4,3,1459.81
3,396.2047243923715,2,2,1,1888.84
32,157.16399580449888,2,2,0,4560.32
13,227.72810220764606,4,1,0,1905.74
68,349.0130639465127,1,3,0,19596.69
14,179.57895543138176,3,3,0,2013.47
11,47.161114950423496,2,4,0,1342.19
56,199.48210256615053,2,1,0,9993.16
67,473.33531969326566,1,4,0,27442.4
29,328.03251070330793,3,4,1,8632.9
9,342.30999136025935,1,2,1,2720.32
67,323.49543374606714,2,2,1,18796.54
25,115.51622670052966,1,3,0,2690.08
42,220.80025476909447,3,3,0,8899.33
9,380.4511032143928,3,4,1,3019.26
40,68.65899082551638,1,3,2,3370.61
25,153.36933252306187,2,4,1,4680.96
5,152.63317206360972,0,3,1,1640.18
11,227.36908524536287,2,3,2,2520.81
59,490.57699565224885,2,2,0,23971.42
38,52.40122240823453,0,2,1,2332.07
5,268.9764773026856,3,2,0,1373.55
48,106.09504736586102,4,2,0,4883.78
18,485.92474179667715,0,1,0,7882.44
70,74.38568226918281,3,2,2,4927.46
37,213.7284811335638,1,1,4,7601.88
60,374.184792720611,2,2,0,18657.2
48,358.18612545317376,3,3,1,15240.97
28,222.90974570908747,2,4,3,5987.38
69,186.33160061730476,0,3,0,11736.13
40,210.85394170537788,0,3,0,7857.89
45,146.85260631614685,1,1,1,6180.28
62,118.55981057926391,4,2,3,6643.2
58,251.85905482826718,1,4,1,13157.78
67,148.8962029124515,0,4,2,9433.86
56,157.98159915068004,2,2,0,7768.89
40,335.2429104677874,0,1,1,12045.4
40,484.89791921594826,3,1,1,16472.93
33,309.74585626850006,3,1,2,8986.86
6,56.95014419118381,2,4,2,1523.79
19,56.280134649952146,4,1,2,1008.29
40,476.68314600587166,0,1,1,16205.27
59,162.69957934752014,4,4,0,8581.61
59,64.19215331958821,1,4,0,4073.03
48,307.54140183218317,2,3,0,12468.09
41,319.35141357932775,1,4,1,12757.08
13,331.2823136569703,1,2,0,3286.75
45,148.35297337161984,4,4,2,7174.58
53,27.253128422948016,0,4,3,2953.98
42,483.2073773381465,0,1,0,16625.96
63,140.4286619317292,3,3,0,7230.69
27,344.4926182652228,1,1,2,8851.06
38,359.1823375417806,2,3,0,11780.59
60,312.80356019815315,1,1,0,15598.41
7,170.19554922255114,2,2,1,2170.35
5,150.12620180675157,3,1,1,455.25
45,306.8807756972975,3,1,0,11423.57
58,435.72590413361195,1,2,0,21421.22
31,474.43218988322985,1,2,0,11252.38
23,70.83478611380366,1,4,0,1970.47
42,94.31773404690553,2,1,0,3110.69
10,473.47340421587825,2,2,0,4669.57
32,373.5369096007004,4,2,0,10738.38
53,443.83703591829106,4,4,0,20535.8
30,117.26366438496471,4,3,1,3597.39
39,302.0412181325129,2,2,2,10796.45
31,356.54700532038737,2,2,1,9520.03
2,346.45370501454687,0,1,3,1198.02
12,215.9128116160151,2,4,0,3252.13
39,27.38954801182807,1,1,0,1243.6
66,299.8045072660463,2,3,2,17771.75
13,141.4887388062122,2,4,2,2795.92
46,236.12203814858736,1,1,2,9811.84
27,479.6388872402323,5,2,1,11432.55
17,211.53695246836867,1,2,3,4302.95
60,423.1047711989248,3,4,0,20982.24
64,110.49949075964054,2,2,0,6543.08
35,342.78103905201385,3,1,1,10856.04
70,488.9633381306929,4,4,1,29338.25
30,68.90868841900966,1,2,0,2428.27
71,23.993572269052166,0,2,0,1056.22
63,228.1197404636549,4,3,2,13131.96
28,64.46023186465625,3,3,0,1862.42
60,379.22448784459107,1,4,1,19993.93
37,458.9833586473083,2,3,2,15305.28
22,228.33006690020423,4,1,1,4731.12
68,144.18158823461167,3,2,3,8576.86
20,228.51359312317268,1,2,1,4804.39
68,367.2549525680005,0,2,1,21578.92
64,24.34599755857807,4,4,0,2061.42
17,302.93791495265464,1,4,0,5222.98
12,314.38000874594195,1,3,2,3914.6
22,326.09035851004904,3,2,1,6476.16
17,136.17059839082106,3,2,1,2375.09
10,362.74530722150087,2,2,1,4316.54
65,63.867913439252675,0,2,1,3700.15
22,115.64976150406439,3,2,0,2170.9
50,441.1856223941513,1,1,1,18281.71
14,374.5871123487519,1,2,0,4772.97
64,26.59786592544572,2,1,2,1811.58
47,139.22060497750408,1,2,2,6131.26
29,122.91511183671899,1,4,1,4371.51
36,149.98703745774685,2,4,1,5040.85
52,138.82868973434546,1,1,0,6182.3
7,50.01262195656595,3,2,2,813.53
29,240.29144796647375,1,4,1,6561.88
11,371.71206789735925,1,4,1,5627.2
33,311.2312278643695,4,2,1,8309.55
6,342.97840092707827,1,2,2,2807.86
32,58.9516056973948,3,4,1,3118.24
51,476.7155408848579,1,2,2,22001.55
58,422.47608024465194,0,3,0,21302.07
26,406.4433528779181,3,2,1,8807.24
46,415.0322264200484,1,4,1,17694.95
29,467.70104390372546,0,4,1,12879.23
4,281.2419037345749,3,1,2,797.21
13,116.13536857646042,1,3,1,1823.61
39,316.05613176921975,1,4,0,10479.84
15,376.5831169606107,4,3,1,3925.16
29,374.20034880993217,2,2,3,9585.22
29,270.29553160010244,3,4,1,7423.67
32,52.86018528011746,2,1,0,1687.23
2,198.13421044646137,1,4,1,1012.76
47,461.96797206241155,0,1,1,19585.26
22,300.53547668356447,2,3,1,6693.54
27,278.39933276274246,0,1,1,6734.24
67,149.04968690345288,3,2,0,8558.77
56,196.85548155995787,1,2,0,9777.82
21,449.7661227935213,0,2,0,8318.96
47,339.90226281288113,1,4,1,13714.09
59,397.9457728411198,1,2,0,20064.59
6,238.08580307247445,4,2,1,1863.14
19,322.51866533895577,3,4,0,6280.11
57,139.22413219673962,3,3,0,7415.3
69,358.6211985360734,1,2,2,21948.37
3,225.2486401776019,2,2,1,1635.73
1,232.42184711107788,3,4,0,839.01
58,331.6747157969032,3,3,2,17125.31
38,469.4146983050848,4,3,1,16472.77
15,50.72304637213804,0,3,0,1331.06
34,415.87675392656365,0,4,0,13280.18
61,160.3438929978527,3,1,0,7877.34
35,233.08133816306136,2,1,2,7135.83
64,30.5183978120043,1,2,4,2657.51
25,164.50211736047027,1,2,4,4820.15
24,261.26299646246264,1,2,1,6620.39
12,46.96451712677073,3,1,0,125.61
18,255.72595010391927,1,4,0,4854.98
15,465.0131018520451,0,2,1,5838.54
27,70.58874469174651,1,4,1,3135.0
60,386.9315494762421,5,2,1,19270.62
46,216.64210562047646,1,4,2,9827.99
17,334.48338297168226,0,4,1,6094.63
53,144.9135670329101,3,1,2,7274.28
8,96.55628601985198,2,4,1,1111.06
27,97.02205485018868,1,3,2,2763.51
46,53.83613390870943,1,1,3,3375.96
50,109.11041835259665,4,2,1,5378.91
71,338.8253047947048,1,1,0,21038.84
3,443.21149368488386,2,3,0,2093.15
64,410.7803290837577,2,3,1,22180.13
44,348.86446873975234,1,4,1,13109.58
53,73.00729443732928,4,3,0,3333.08
24,158.80997422205593,1,3,2,3962.75
60,168.70730015478512,0,3,2,9328.76
3,139.9793342708582,2,3,1,1069.62
20,267.2027166606671,0,2,1,5576.02
46,277.0658311422428,3,2,0,10869.35
15,191.3052680821329,0,1,1,2516.56
25,189.81879619348928,5,4,0,4729.68
71,417.70668699491904,3,2,1,25480.12
17,398.86056719344907,1,3,2,6722.14
9,167.7419992067579,2,4,1,1915.6
38,458.6184530591645,2,2,3,15953.33
48,477.3512081612029,2,1,0,18989.76
60,176.8364201744196,1,3,2,10205.75
63,190.12397542066634,4,4,0,10588.19
2,262.70439364254025,1,2,1,621.91
11,471.7379900161633,4,4,1,5365.26
64,440.6333279083095,0,2,0,23872.27
21,69.2326220401231,2,1,1,1304.52
18,208.51075677027978,2,3,0,3064.59
64,285.6181710798905,1,1,1,15138.27
38,261.5035868247392,4,3,0,8946.71
32,113.05427260970848,2,3,0,3850.65
11,432.23205016071427,4,4,3,4978.81
45,344.93157583848193,2,2,1,13276.38
33,422.1960199288657,3,1,3,11681.34
41,432.20685408774665,3,1,1,14205.73
8,379.2108097595551,1,1,1,3289.44
11,230.8210885998643,0,4,0,1938.15
51,313.0624424074038,1,4,1,13854.02
41,96.97539493747671,2,4,0,3988.36
17,343.34980038795567,2,3,3,6113.72
46,106.04156275485477,4,1,0,4230.85
32,353.0958034448753,1,3,1,10262.5
54,130.20711716190496,3,1,2,6361.19
20,76.42462407210559,4,1,0,884.38
33,99.33655526861956,4,2,1,2934.65
40,20.95622490515373,1,1,1,977.77
32,364.99501656969454,2,4,1,9775.78
2,371.55250354802195,3,4,2,1214.66
33,267.16800795836457,0,4,1,8182.67
30,97.45414450658417,1,2,2,2999.82
33,60.10608200513108,2,2,1,2032.91
26,29.181903889897765,3,3,0,1170.3
22,99.55912494330593,2,1,2,2698.6
66,447.61065679191046,1,1,1,26257.61
38,135.93768401680725,1,4,0,4390.93
46,190.0502370642635,0,4,1,8114.76
15,70.56583255103993,2,4,1,2071.3
44,126.73342627912174,2,4,0,4615.49
49,269.22779397449847,1,4,1,11507.13
61,311.7212878859132,2,4,1,16642.06
67,137.76911079978132,3,1,0,8615.07
6,47.71143642805626,2,2,3,887.72
9,207.69577718115136,2,4,0,2536.57
6,132.4176180446404,3,1,2,1180.11
32,125.38588315030493,2,4,1,3754.69
41,480.7341453024585,2,3,2,19126.52
8,315.82423324434757,1,3,0,2641.74
50,287.30165272260604,4,1,0,12347.22
62,219.57204969119454,5,2,0,11865.48
62,225.89328004646924,1,3,1,12748.27
7,279.6344018422788,1,3,0,3015.34
4,354.28630737733147,4,2,1,2426.72
6,357.0301261672781,2,3,0,1735.07
58,102.41307569861578,4,4,0,6177.95
22,260.05412099678097,3,2,0,4726.94
26,217.73988561636895,2,3,2,5803.81
3,437.8529438093044,2,2,1,823.29
41,323.0810821848207,0,4,1,12587.81
60,275.6019518796713,2,3,0,14281.14
14,75.38942824588034,0,1,1,908.96
12,310.7061868752375,4,3,0,3980.39
12,76.25787472651204,3,3,1,1828.45
13,181.859156271561,3,4,0,3049.25
25,88.5641431108793,0,1,0,1507.66
45,352.1953505716971,4,1,1,14440.63
19,119.00101464135325,2,1,0,1873.83
55,208.09249913025246,1,4,1,11362.23
45,449.9238932570138,1,4,1,18342.67
8,118.07186403150574,3,4,0,1358.13
53,263.746430700214,2,4,1,12645.46
55,221.25039735969057,1,4,0,10892.85
32,28.699539701950272,2,1,1,877.02
51,400.52389451495014,1,2,0,17083.4
44,53.142035031007865,2,4,1,2629.08
70,247.64241006893772,3,2,2,15904.45
18,289.125581570696,2,3,1,4412.73
22,321.6446991750018,1,3,0,7037.56
37,350.54318206778026,0,4,2,12192.73
56,141.57074409090325,0,3,0,7478.53
59,24.7898127960557,1,2,0,1758.48
3,367.25295793035775,2,3,3,2495.47
28,277.1151676868377,2,3,1,7215.17
35,421.3364975394794,2,2,1,13021.49
61,414.26641419233323,1,3,1,22588.14
54,424.79656053818394,1,4,1,19769.6
63,252.84543679017926,2,2,2,13740.53
7,180.14163000169552,0,2,1,1440.58
49,399.9479372438576,1,1,1,17156.87
31,236.62117425404236,3,1,0,7053.49
58,108.05225427364857,0,2,1,5893.96
61,430.3875293895077,0,2,1,23896.06
24,443.6287408507267,1,1,1,9674.0
20,243.82868294728166,1,4,0,4508.77
37,56.335869108697985,0,3,1,2848.19
4,206.156523160127,2,3,2,1463.04
20,405.6980765420496,2,3,2,7883.19
60,452.8515337021898,2,2,2,23101.93
24,117.666916398846,0,4,0,2459.05
50,52.14733377213033,3,1,0,2411.79
49,441.1282175037626,0,4,0,19547.55
51,206.91437070986015,2,4,2,10764.73
36,280.04526284843035,3,3,2,9028.24
66,484.6715897843643,4,1,3,28703.92
34,51.951069398826974,2,4,1,2689.86
36,331.19264357700587,2,1,2,10465.81
6,55.5706028359362,1,2,2,1493.4
39,200.22508566392017,4,3,1,7535.25
42,405.83098169285444,3,1,1,15327.59
58,228.0666717227045,3,2,1,12556.05
12,498.6475298734162,2,2,0,5900.82
3,288.348456774369,1,2,0,41.13
18,174.15783326525766,3,4,3,4004.47
40,125.6534364342815,1,4,1,4508.74
21,188.24985645735768,0,3,1,4119.95
15,198.8159714045844,3,3,2,3387.3
26,52.98256530750127,2,2,0,1190.34
8,197.39561572485113,3,3,1,1497.59
42,242.83448947482796,3,4,0,8910.7
44,366.9141210746262,0,3,0,14009.59
14,335.23015266637185,3,1,2,4442.65
2,360.20751450999404,2,4,0,1172.97
37,24.014567300891407,2,2,1,1397.86
69,124.4803517986573,3,2,0,7352.55
38,337.6084584319311,1,3,0,11909.66
41,252.31489672627862,1,4,4,10331.88
62,22.550468320806054,2,2,0,1686.18
60,406.15742836727475,1,2,0,20815.85
14,390.948595179362,0,4,0,6611.73
2,283.24119823691007,2,4,3,1947.86
70,51.90239637261062,4,2,2,4241.22
17,387.92722377564064,2,3,1,5872.77
28,300.1825221110547,0,3,0,7393.09
66,395.3407890358204,1,3,2,22958.14
35,380.8385563500034,5,1,0,12467.75
5,405.44099453976185,4,4,3,2786.18
65,268.64387187421994,4,2,0,14604.94
40,87.3557687328872,4,1,0,3387.19
56,342.1555872222506,3,3,0,16629.31
36,317.8274168249459,2,1,0,9685.42
45,376.28152985556187,1,2,0,14349.86
23,101.54288290435295,1,2,1,2661.63
47,113.58809595213883,1,4,1,5721.99
31,447.39656826527766,0,3,1,12901.62
11,379.989343256994,1,3,1,3973.03
10,455.949674576155,4,1,3,4074.09
67,384.18335415868194,0,3,2,20851.47
14,306.6345468753449,1,1,2,3825.35
10,333.98371377337935,3,2,3,3580.08
1,446.7814034912048,1,2,2,1103.86
5,297.82724216573143,2,2,1,1604.19
20,323.5478356776259,1,2,0,7048.69
8,95.10882368172828,2,2,0,1027.52
43,247.4821856557293,3,1,0,8536.03
1,363.8706137398875,1,2,0,880.23
57,150.0524951918554,5,1,1,7591.86
64,117.08200665177677,5,2,2,6567.83
28,170.63686794771945,1,1,0,4277.44
37,135.92030143656007,0,1,3,5369.77
47,123.15806577747,1,1,5,6645.6
37,223.92840457668174,3,3,2,7126.03
49,455.76248666409634,1,1,0,19429.62
44,263.3886304345848,0,1,1,10859.38
56,110.20178279135506,3,2,0,6080.92
28,56.94640130281955,2,1,0,1012.59
6,354.1549496662041,0,1,1,2136.56
61,203.74340692946615,0,4,0,11144.38
20,414.47885436097243,1,3,0,7793.79
2,336.5651689475697,2,4,1,1255.07
37,402.1958962598569,1,2,0,12545.58
20,150.5340989208554,0,3,1,3340.58
26,352.3322827813079,3,3,0,7940.84
29,146.74975265298502,0,4,0,4427.29
1,470.75287013613996,2,3,0,326.72
35,325.4596551360197,1,4,2,10264.37
70,175.7656640841642,1,1,0,11073.29
59,149.36569390029086,3,4,1,9057.17
69,111.64476083438888,2,3,0,7556.37
33,353.4276602689893,3,3,1,10444.36
51,124.9834942390051,3,2,0,5965.51
12,305.74556764519474,5,2,2,3382.81
20,147.02481292417153,2,2,3,3649.23
53,337.74509350105694,0,2,1,15491.69
43,411.1710696994588,1,3,1,16318.57
50,393.45211670943354,1,2,0,17534.77
29,385.2086388467752,2,4,1,11278.02
57,110.10675473228099,3,1,1,5518.26
39,62.42477455256898,4,3,1,3112.38
56,355.4954376739451,0,2,0,17463.55
43,196.80666262128864,1,3,2,8128.32
50,227.5261886736067,2,2,0,10019.3
23,34.95156454082771,2,3,1,1832.38
44,144.5966956520236,3,2,2,6023.8
38,36.164673859742734,1,1,0,1247.33
23,442.00917084859884,1,2,0,7820.04
45,136.83040794489463,2,4,0,5689.59
52,287.52184139504385,0,3,3,14025.78
50,38.7100739173426,3,3,0,1716.75
8,340.08674782671585,3,4,1,2553.85
1,175.05312596196507,3,4,1,146.39
8,451.0012097396796,3,1,2,3274.57
29,446.2967306883372,2,3,0,12104.7
5,176.13949681363894,5,1,1,348.53
47,452.4612299314246,3,3,2,19306.03
34,498.15568327941384,1,3,1,15534.53
65,416.19951877949507,4,1,0,24211.32
55,425.5382469225099,2,3,0,20786.35
43,139.52419333236315,2,3,2,6312.58
30,296.817151451723,0,1,0,7883.72
17,52.28283870433657,1,2,3,1760.77
26,65.56060967440146,2,1,2,2292.48
8,499.46845377597947,1,3,1,4737.84
47,176.78683972443724,3,4,1,7843.85
46,379.12827778344626,5,2,0,15531.38
68,407.19922545287193,2,4,3,26248.1
33,431.85117008347004,2,2,1,12609.98
1,498.8615827530351,2,4,0,988.43
19,135.91831292329658,1,2,1,2666.19
31,39.36839689265586,1,1,1,1435.11
14,217.37192863740125,3,2,2,3751.59
53,82.43872151789454,4,2,4,4863.57
48,30.76442679778646,2,2,0,1524.85
69,193.00487702791332,4,3,0,11490.75
62,396.1943605161135,2,4,0,21633.04
66,291.766731788034,3,1,0,16158.75
64,170.13343482096994,2,4,1,9543.11
70,334.0841626365055,3,4,0,20552.09
63,131.36872654822915,2,1,0,7818.63
33,26.903094114600812,3,3,2,1478.75
41,386.8896254894851,0,2,1,13519.33
48,319.3966807347244,2,3,2,14772.0
13,385.9052597604608,2,3,2,5146.71
31,38.69024801007949,3,2,1,1736.13
68,421.81742135871303,2,4,0,24518.61
4,317.3725760174256,0,2,0,1383.55
19,290.4297683420673,1,1,0,5418.99
70,319.81474309497514,4,2,0,19209.12
13,434.92795849681477,2,4,1,5640.06
23,301.7295231482754,2,3,1,5837.66
1,298.8561823463261,1,3,6,2512.74
54,495.52599539156756,2,2,0,22524.17
71,383.23048019291264,1,1,1,24033.42
15,232.30102661654493,2,4,0,3556.06
65,359.55056001580533,1,3,0,20409.89
71,206.83062641205848,2,2,2,13503.88
15,129.86022199207952,1,1,5,3147.66
21,306.4889009061245,3,1,0,6264.71
19,465.5274070946967,1,3,3,9504.4
60,465.9869696074221,2,3,0,23476.55
33,184.11453349063535,1,4,1,5902.48
49,273.2851837864136,0,1,0,11897.59
35,121.58523131353337,1,4,0,3832.08
44,497.90293255946403,2,1,0,17820.78
11,490.9365957766091,0,1,1,4575.59
66,331.7642862595747,2,2,0,18768.32
46,406.1187486451872,2,3,1,14444.51
9,363.248077416176,0,1,0,2392.37
3,304.71594513894473,1,4,0,527.49
26,45.60703855467089,2,3,0,1738.07
48,238.28688442527732,0,4,0,10712.53
66,343.89742504035706,4,3,0,19694.11
70,345.2151746641686,4,3,1,21107.57
28,199.0988568427441,1,1,0,5061.23
26,472.01215359585467,2,2,1,10356.35
25,100.33137547365487,3,1,2,3085.76
12,260.1725341834691,4,3,1,3213.77
5,351.62430874439497,3,1,0,1946.01
48,354.6251868280684,1,1,1,15242.03
37,331.3466992490315,3,3,2,11484.58
44,152.13834245689287,1,3,1,6462.65
15,94.97915296957855,1,1,3,2148.84
43,325.2513568768212,1,1,1,12213.8
48,307.6650157469301,3,1,0,12786.91
70,106.09088493883567,0,4,1,7235.21
46,358.4667898738704,3,1,1,14047.65
43,238.4825560321551,0,4,1,9822.16
21,340.5250839695134,2,2,0,6420.28
23,421.93619828967235,0,4,0,9467.02
47,101.46964571692311,0,1,1,3818.74
15,29.189536638481606,0,2,1,933.56
25,393.96924146997765,1,4,0,8566.58
36,312.65476407325565,1,4,0,9886.03
51,355.82699341861843,3,3,1,16257.61
15,422.31438799454844,1,2,1,5155.46
68,405.34924871576027,0,3,2,24446.11
21,481.24167052583584,3,2,1,9021.62
13,277.24883784901675,2,4,0,3113.07
19,254.47790367675458,1,3,0,4582.35
34,212.90585594755044,1,1,0,5948.44
68,93.77170056521818,3,4,1,6897.28
52,294.85147178337076,3,2,0,13735.23
27,152.9660116764698,1,2,0,3790.89
29,462.22760586222824,2,3,0,11524.6
28,299.9315860530068,3,3,0,7680.18
35,304.56328664389287,2,2,1,9867.87
8,190.3638372209648,1,4,1,2200.06
16,44.954888949299594,2,3,2,1144.02
36,35.23700737903454,1,1,2,1616.68
30,223.2008691935348,2,2,2,6433.73
18,60.591381486674166,4,1,2,1492.92
2,311.2865386592668,1,2,3,1676.97
49,442.8670427070356,0,1,1,19226.49
4,443.79911192898663,1,4,1,3014.16
7,336.34179686347153,4,2,0,2595.29
39,121.39127910700688,2,4,1,4997.05
13,434.2384790522586,0,3,2,5097.95
31,445.3248489503399,1,2,0,12609.37
71,114.39372077742019,0,4,1,8046.14
63,373.9645211699251,3,1,2,20416.23
56,157.52938348501903,1,4,0,8064.66
42,405.26734992940624,2,2,1,14961.01
61,498.6741919537293,2,4,0,26125.74
42,34.41248255810855,3,1,0,689.04
56,450.73561557964734,2,1,2,21428.42
36,318.8626561273559,1,1,2,9945.72
68,487.22365719911414,4,3,3,28111.79
7,243.20456841268526,2,2,3,1937.71
54,426.7462066742594,2,1,0,20233.51
1,49.949152927173074,1,3,1,855.37
44,180.93394403758194,4,1,1,6607.79
45,52.167938120580786,1,4,1,2576.0
47,488.16470406995387,3,2,2,20835.96
13,412.1474754904816,2,4,1,5923.78
22,429.2227621980658,1,3,0,8467.43
21,470.2233110882692,1,4,0,9577.13
9,60.84967333749697,0,4,0,812.43
26,205.08684440640002,1,1,1,4978.94
9,54.096746741121024,1,4,1,736.66
15,121.18068874401374,1,1,1,1768.68
10,130.0955729780827,3,1,2,1631.06
42,245.17146130283777,2,2,0,8250.54
24,148.90984037774845,3,3,1,3824.86
49,68.46949127252532,0,3,0,3555.84
26,100.3957227651717,1,3,1,3227.84
37,90.69227050500365,1,1,1,4013.4
68,487.07686299790316,5,3,0,28604.54
50,384.46040332086733,5,1,0,16233.02
24,484.5255033293897,3,2,0,9180.57
19,231.0754335237961,3,3,2,4709.74
60,153.61687119807516,2,1,2,8605.26
39,403.1807346604096,2,3,1,13295.28
18,176.60188065975046,2,3,1,3218.78
19,163.70401937856718,0,2,0,2948.07
36,131.60287625975897,2,4,0,4730.75
55,82.24590954763298,1,3,2,5042.08
69,143.10226928804767,2,2,0,8403.59
47,190.5534792674661,2,3,3,8802.2
49,343.5172199099506,4,3,1,15098.16
33,50.03112426533676,4,3,0,1614.29
21,121.04333103936462,2,3,0,2368.68
22,408.33134734000464,2,4,1,8755.05
48,90.52252332020997,4,4,1,4301.96
37,184.46967033081035,2,3,0,5692.03
15,435.03628249190723,4,3,1,6777.29
35,94.36414934885248,0,2,0,2730.19
71,59.71368109673115,0,2,1,4122.55
32,252.5782376384052,2,1,4,8067.29
11,165.16136541369747,2,4,1,2478.41
10,290.43601495225,3,3,0,2859.22
57,405.8263474320681,3,4,0,18647.65
25,85.83127431331673,4,2,0,1703.01
2,298.7355605860568,1,4,1,1445.99
64,262.6442049871347,2,4,1,15000.79
35,89.15781728633578,1,3,2,3733.75
7,319.51927305391155,1,3,1,3025.78
18,151.34740057317038,5,2,0,2580.96
67,254.16047290112598,1,3,2,15068.09
42,59.49071565298971,3,2,0,2111.25
39,240.60034746253908,1,2,0,8916.6
41,167.10246466055375,0,1,2,6404.82
24,414.7429813689701,1,1,2,9017.35
60,47.349788958736774,0,1,3,3479.87
46,220.93149196079838,1,4,2,10201.26
19,240.04708358309023,3,1,0,3513.21
68,368.002916623577,2,3,1,21640.45
42,295.6580360433013,1,3,1,10491.69
32,340.2619218532069,3,1,0,9130.79
39,392.98365711284293,3,4,0,13774.21
36,433.8574273559306,0,2,0,13387.75
36,170.66023842678584,2,4,0,6410.31
3,278.25089857467344,1,4,1,1565.57
8,423.2518776508159,2,2,2,3535.79
70,494.9365428632271,0,2,1,29805.94
41,446.9692693010063,3,2,1,15280.02
68,198.30428605970087,2,3,0,11785.93
13,113.6799282649522,4,2,0,1504.05
49,254.90841795516258,1,2,0,10821.47
60,375.9878968813003,4,4,1,19958.16
2,256.43315396158283,1,4,4,1703.74
60,251.92681439056088,1,1,1,12673.06
5,422.3506021192643,0,4,3,3090.7
44,193.47381395224946,4,2,1,7693.44
27,432.7014439095899,4,3,0,10113.39
32,215.2663044568273,2,4,1,6698.2
21,177.5518907256029,2,4,1,4231.24
8,237.91515737585553,2,2,2,2651.61
50,385.97454016393687,2,4,2,17836.59
67,80.48097337471725,4,4,1,5595.44
44,114.28122361856835,0,2,0,4751.65
58,476.69351631828414,4,4,1,24362.82
3,104.23598114305153,1,3,2,1854.95
70,292.50911260690617,1,1,0,17858.99
2,298.0709439977302,2,4,1,887.21
44,255.0197417841175,3,3,1,9306.27
2,329.47771931687294,2,4,1,1208.04
35,130.31682838285684,7,1,0,3940.06
30,285.27788853283914,5,2,0,7774.05
8,198.64316251851062,2,1,0,911.43
22,337.60028462201075,3,4,0,7120.08
44,87.78730081911175,2,1,0,3733.46
58,294.0211600829486,2,1,2,15327.36
36,108.92977058399538,2,2,3,4440.61
69,153.74867029521747,2,4,1,9727.31
31,124.98070415531996,2,1,0,3186.5
47,107.76213433703221,1,1,2,5188.09
55,416.34125674912013,0,2,1,20310.39
62,157.13963247722737,5,3,0,8382.41
30,465.0194152949357,5,4,0,13586.69
55,485.5647321656916,1,3,3,23035.66
16,294.2050255698067,2,3,1,4507.4
12,88.64053887954867,0,2,0,938.53
17,199.783156822199,1,2,1,3545.5
16,402.9114864071427,2,4,0,5012.28
12,196.34754977459383,0,3,1,3208.13
8,61.7682647853386,2,1,0,812.71
3,287.2567572455302,4,3,0,1121.11
16,425.6580087180967,3,2,0,5794.81
30,402.04466582888114,3,1,0,10626.03
23,104.05910726256955,5,1,0,2075.07
5,342.927014917984,3,2,1,2321.28
65,125.84204644911061,6,1,1,7038.33
30,124.73961658504267,1,3,1,3770.1
21,439.55445118648885,4,2,0,8526.23
70,139.8410973153105,0,4,1,9404.95
22,146.35872632864536,2,2,0,2881.97
32,20.313627565423786,4,4,0,1086.62
33,437.92113638024847,2,4,1,13139.6
16,400.44551034038466,3,2,2,6344.76
38,321.11788884352546,0,2,1,11506.76
14,380.1275666906443,0,4,0,4952.06
36,92.98331236375606,2,4,0,3131.96
23,239.9953254020362,5,1,0,4731.9
66,188.58530592741482,1,2,0,10623.08
2,65.01273260336791,1,2,0,62.64
65,253.34263290316355,2,1,0,14481.1
67,461.95503216446497,2,2,3,27115.84
52,39.22837714433335,1,1,1,1491.83
62,159.90123847702105,0,1,0,8898.77
23,119.61964937873766,3,2,0,2345.91
26,134.31039375953424,1,3,2,4085.41
68,456.0485849021001,1,4,0,27486.69
55,244.67314603245927,1,2,1,12023.56
6,243.82371821111303,2,3,0,744.71
35,385.0763083785355,2,1,0,10548.84
22,94.15625792236439,2,3,1,2137.34
43,253.8873699680244,0,2,0,9555.31
15,226.39290277810866,3,2,0,3547.4
60,306.51713146239496,4,3,2,16534.42
12,499.7876975602105,1,2,4,7792.06
49,389.3354691593826,5,4,1,16103.06
42,210.97553744836506,2,3,2,8441.01
38,417.22546509154256,1,1,4,14354.81
45,101.9400143899905,3,3,3,5046.56
35,34.622569428300864,2,3,1,2195.85
30,118.13521878285107,1,3,0,4069.12
30,183.39754693484463,2,3,2,5557.97
6,265.07876358058877,1,1,0,1829.54
67,315.2619874597759,4,1,3,18772.81
7,457.09074426292244,3,1,0,2166.35
52,264.7299245842197,3,3,0,12022.25
14,260.61230942035013,5,4,0,3258.93
15,44.11664471503143,1,4,1,1347.27
21,36.75754527498743,3,1,1,649.84
35,284.5567817198586,3,4,2,9499.18
66,230.32573435920537,5,4,1,13673.17
2,422.80658959054335,2,4,0,1588.93
35,97.12620066168569,0,4,1,3847.51
20,31.986397816183807,2,4,2,2070.29
10,235.53860860646043,4,2,0,3037.91
25,133.98970724108358,1,1,2,3303.82
66,43.814899202641975,4,3,2,3540.29
25,367.8071776868619,2,4,0,9349.17
54,73.56463997947878,1,2,2,4467.09
33,311.9933600037304,2,3,2,9938.51
36,154.9038800801068,2,2,2,4762.4
14,103.27810417041057,2,4,0,1542.77
65,202.2807310012724,3,4,1,11725.7
54,404.69397258701775,4,4,1,19942.3
52,208.20491691419488,2,4,1,9667.42
3,380.3694316213067,0,3,2,1878.09
41,80.23342246359233,2,3,2,3941.93
6,390.930281439238,2,2,1,2069.41
25,133.72799595519135,1,1,1,3299.11
13,345.1487023466589,1,4,0,4439.2
8,291.57514632367827,1,2,1,2878.72
21,465.9894642616099,1,2,1,9174.08
68,205.91480862815072,2,2,1,12614.65
25,51.75929064053142,1,4,1,1970.32
68,29.194633064601394,2,4,2,2170.2
45,416.8921092669215,4,2,2,16637.13
60,271.8731060774875,4,4,1,14559.64
12,392.11714488077564,2,2,0,4589.85
32,132.52428800552707,2,3,4,4809.76
13,185.64019784635218,2,4,0,2577.74
31,34.44985866143309,0,3,1,1631.03
20,481.51631579557386,1,1,0,7905.46
18,340.57659521639044,0,4,2,5768.45
60,467.938442124467,1,1,2,24674.13
63,147.4382755659547,1,2,1,8776.94
6,313.5025333883172,3,4,3,2528.43
32,345.67998478046616,2,4,0,9809.53
43,172.42385612364245,2,4,0,7132.47
2,427.0924328075024,3,1,1,1466.96
60,474.637502192119,1,1,1,24685.86
23,444.7304564940821,6,2,1,9190.84
31,374.7521484508988,2,3,1,10744.03
5,153.18304626797794,4,3,0,1188.8
34,155.17570021070324,2,1,2,4640.02
10,482.4129538140982,0,4,0,5738.12
2,24.936558049132174,3,3,1,693.01
11,363.70398715622935,1,3,1,4407.3
50,358.99815802652586,1,1,0,14997.14
31,318.89097965590275,2,2,1,8777.37
56,495.2522461216956,1,1,1,24135.45
9,169.70212916658812,3,1,1,868.79
21,183.18649462075913,2,4,2,3927.0
28,57.89091341434666,4,1,4,2109.22
62,232.54310554099396,0,4,0,12322.76
7,145.30329259272708,2,2,1,1364.09
16,184.8256170452692,2,4,1,3244.56
4,420.59445932270125,2,2,2,2866.54
4,469.032566493198,3,2,2,1660.69
40,109.1518745624891,3,2,1,4209.4
17,198.8042871456636,0,1,1,2921.21
52,465.74266981538915,2,4,2,20680.81
52,49.668061130826864,2,3,1,2996.27
36,64.33305349346169,3,1,2,2706.34
38,98.1396748189901,3,2,1,3777.64
50,305.7021603808999,1,3,1,13051.17
63,92.22669008287879,1,1,0,5072.67
63,484.67666309635206,2,3,1,26888.41
62,234.42297308408976,1,2,0,13006.34
7,260.7286209680799,2,3,1,2431.73
27,138.3961355865951,5,3,1,4007.52
14,246.06092116867208,4,2,2,3999.66
71,337.71854366576554,3,3,0,20745.48
5,380.5650257379405,4,1,2,2331.82
55,381.85667970075826,0,3,1,19042.57
2,297.3877340931624,0,4,1,1530.61
62,454.0926919970515,0,1,0,24712.61
21,412.3557667069325,1,3,1,8458.2
21,383.3830950553402,2,4,2,7542.42
10,46.6906504066211,1,4,0,529.58
58,23.30142186543167,1,4,3,2459.78
39,121.97469305382702,0,3,0,4067.09
5,338.49132507845707,3,2,3,2392.59
65,217.374794663622,3,4,0,12471.93
13,213.15500446366963,2,2,2,3594.28
53,444.6017063502146,2,1,0,20353.1
45,449.8701671032826,1,2,1,18225.89
32,456.40412674572116,0,2,1,12705.59
36,170.6614767272131,1,2,1,6316.67
60,351.70679011484566,0,2,1,18912.29
11,150.38392701169744,4,2,1,1936.46
63,111.4927198757359,2,1,3,6137.76
21,108.62357952673722,1,1,4,3461.57
52,184.21165801452514,5,2,1,9162.49
55,226.37965749431442,1,2,0,10842.91
26,418.8556021064328,2,4,0,9782.88
68,77.5477248669018,3,1,0,4322.22
34,372.7644067495492,1,3,3,11134.24
52,275.09835881086656,1,1,1,12268.4
52,158.2137644844764,2,3,1,8232.15
29,256.5534005757558,1,4,2,7841.16
38,163.97219349297086,1,2,1,5506.14
42,306.11933851438687,2,4,1,11426.42
21,228.24508297051722,0,2,2,5758.36
42,98.91465395786179,3,1,1,3439.75
13,75.95987578673443,1,2,1,1102.56
64,282.4139273946225,1,3,0,15578.78
17,453.15825597732965,1,3,0,6238.04
9,185.09968954768905,3,4,1,1920.01
41,371.84005146685917,3,1,2,13219.83
1,336.15745037108815,1,3,2,768.41
2,467.14635886855086,2,4,0,2012.72
60,414.0708883035876,2,1,1,20835.99
48,291.9705242746222,2,1,1,12159.1
