AdvertisingSpend,Price,StoreTraffic,CompetitorDistance,Region,StoreType,PromotionType,Season,Sales
29.16,11.75,1702,2.46,South,Flagship,None,Fall,382.81
16.95,18.29,1573,6.05,West,Neighborhood,None,Spring,279.21
24.03,15.9,953,4.39,East,Outlet,Loyalty,Spring,478.37
28.56,15.07,1512,6.48,East,Neighborhood,None,Winter,259.46
21.73,11.1,868,1.23,North,Outlet,None,Fall,171.4
25.64,20.21,1286,8.97,North,Neighborhood,Bundle,Summer,412.0
17.87,17.66,1863,2.82,North,Neighborhood,Discount,Winter,499.06
20.43,12.79,1759,7.66,West,Outlet,Bundle,Fall,558.24
20.35,19.01,1407,4.26,East,Flagship,None,Fall,293.3
16.03,13.01,961,1.91,East,Neighborhood,Discount,Summer,368.46
20.59,11.87,1691,3.24,North,Flagship,None,Winter,432.16
9.61,11.96,1409,7.69,West,Outlet,None,Fall,215.89
18.07,7.92,356,19.35,West,Outlet,Loyalty,Fall,447.05
19.72,16.89,1752,5.17,North,Flagship,None,Fall,325.93
19.95,7.68,1389,17.93,North,Neighborhood,Discount,Summer,619.32
20.07,10.09,1941,1.23,North,Outlet,Discount,Winter,464.47
21.51,6.7,907,4.51,South,Flagship,Discount,Winter,492.67
25.84,14.66,250,5.18,East,Neighborhood,Loyalty,Winter,256.14
29.0,14.4,1526,7.96,South,Outlet,None,Winter,328.67
16.8,13.69,1531,3.34,South,Flagship,Bundle,Spring,85.27
12.37,10.83,639,6.9,East,Neighborhood,Loyalty,Spring,201.76
13.66,10.31,960,4.68,North,Neighborhood,Discount,Winter,328.69
18.1,16.86,2640,11.94,South,Outlet,Loyalty,Summer,720.86
19.18,12.8,1262,6.18,South,Outlet,None,Spring,183.18
15.84,16.27,1729,20.0,South,Outlet,Discount,Fall,501.47
11.63,11.46,1107,4.71,West,Neighborhood,None,Spring,393.45
18.35,15.72,459,11.45,North,Outlet,Bundle,Fall,227.14
23.45,20.21,1323,13.83,East,Outlet,Loyalty,Winter,397.17
26.76,17.34,1280,0.5,East,Neighborhood,None,Spring,209.26
17.54,13.35,1220,8.9,North,Outlet,Bundle,Summer,440.84
18.7,16.03,1348,4.58,East,Flagship,None,Spring,233.39
14.59,14.04,1519,2.16,North,Neighborhood,Discount,Spring,350.71
21.75,15.03,1332,12.08,North,Flagship,Discount,Spring,788.84
15.21,13.7,831,3.49,West,Flagship,Loyalty,Winter,364.31
26.59,14.34,1619,1.16,West,Flagship,Bundle,Summer,709.25
7.71,15.85,523,6.28,West,Neighborhood,Discount,Spring,237.81
19.12,11.03,477,13.24,South,Neighborhood,None,Summer,146.89
24.41,10.94,1733,2.19,North,Neighborhood,None,Winter,416.35
23.47,9.45,1628,9.68,East,Flagship,None,Fall,619.34
43.54,8.6,1374,0.86,South,Neighborhood,None,Spring,330.18
24.8,10.13,772,13.85,North,Neighborhood,Loyalty,Summer,606.17
13.97,15.64,1081,7.2,South,Outlet,Discount,Summer,434.23
21.24,11.43,1282,1.99,North,Neighborhood,Discount,Winter,623.12
7.79,17.05,682,9.11,West,Neighborhood,None,Spring,80.78
21.36,15.14,1067,3.65,South,Outlet,Loyalty,Fall,230.67
15.34,7.13,1694,2.61,East,Neighborhood,Bundle,Summer,553.06
29.32,17.62,2042,3.59,South,Flagship,None,Spring,520.71
17.6,18.24,1211,8.5,East,Flagship,Bundle,Fall,231.11
21.07,11.02,1740,2.47,East,Outlet,Discount,Summer,418.65
16.92,16.68,539,0.54,North,Flagship,None,Summer,242.12
35.91,11.57,1697,3.73,West,Outlet,Discount,Fall,636.87
19.43,15.39,1038,12.4,West,Neighborhood,Discount,Fall,457.4
36.66,9.94,1538,12.29,West,Outlet,None,Winter,529.09
28.51,7.83,1289,3.58,West,Outlet,Loyalty,Spring,479.98
25.86,13.47,1994,3.48,East,Outlet,Loyalty,Spring,336.09
24.95,14.51,1007,3.32,West,Neighborhood,Bundle,Winter,571.28
25.15,13.41,1682,3.2,North,Outlet,Discount,Summer,540.99
6.58,10.26,1274,3.38,North,Neighborhood,Discount,Fall,255.34
19.77,13.4,1329,6.5,North,Neighborhood,Bundle,Fall,568.95
28.76,16.08,1317,12.59,South,Neighborhood,Discount,Fall,492.53
21.61,14.82,1019,2.47,South,Outlet,None,Summer,279.48
10.76,15.73,1394,2.87,South,Outlet,Discount,Fall,348.38
21.58,12.32,1372,7.02,West,Outlet,Loyalty,Fall,556.39
35.63,19.69,1509,8.83,South,Neighborhood,Discount,Winter,452.91
31.98,10.3,1438,1.46,South,Neighborhood,None,Summer,583.35
21.5,16.95,1759,15.63,East,Neighborhood,Bundle,Spring,309.96
29.61,19.73,1816,4.28,North,Flagship,None,Winter,412.51
19.07,16.92,927,1.6,West,Flagship,None,Winter,133.4
8.37,14.19,1791,1.39,North,Neighborhood,None,Spring,382.68
14.6,12.89,866,1.31,West,Neighborhood,Discount,Winter,319.63
34.5,19.14,1665,11.31,West,Neighborhood,Bundle,Summer,566.15
19.81,9.31,1679,5.76,North,Flagship,Discount,Fall,715.44
20.05,11.12,540,11.37,North,Flagship,None,Summer,473.81
19.6,13.41,1442,5.0,West,Flagship,Loyalty,Spring,510.95
37.23,19.95,1189,11.17,East,Outlet,Loyalty,Spring,356.65
35.01,16.52,1059,4.91,East,Neighborhood,Loyalty,Winter,326.75
39.75,11.13,2008,7.94,West,Neighborhood,None,Summer,595.08
20.73,13.76,1106,5.25,North,Neighborhood,Discount,Summer,509.37
24.36,12.54,1037,4.69,South,Flagship,Loyalty,Spring,478.73
9.87,12.16,1434,2.68,North,Outlet,Bundle,Summer,227.93
33.82,18.92,1709,8.69,West,Outlet,None,Spring,436.23
12.66,9.51,1336,2.2,East,Flagship,None,Summer,389.1
23.73,21.44,1925,8.68,South,Neighborhood,Discount,Summer,481.4
13.22,18.31,1639,5.94,North,Outlet,Loyalty,Summer,341.92
17.29,19.36,420,8.83,South,Outlet,Discount,Spring,240.67
15.3,13.15,1162,6.31,South,Neighborhood,Discount,Winter,50.0
17.14,14.4,1147,11.97,East,Neighborhood,None,Summer,284.25
17.69,9.27,1616,7.42,East,Flagship,Bundle,Spring,487.77
17.61,12.9,250,6.03,West,Outlet,Loyalty,Spring,308.63
28.67,16.97,2547,0.5,South,Flagship,Discount,Summer,636.68
13.16,20.18,1639,12.29,North,Outlet,Bundle,Summer,442.31
23.76,10.57,1467,1.3,East,Neighborhood,Loyalty,Winter,552.72
31.74,13.54,1932,1.74,West,Neighborhood,None,Spring,528.91
17.89,14.39,2455,9.39,East,Neighborhood,Discount,Spring,658.41
16.26,9.42,1792,5.6,West,Flagship,None,Fall,446.08
20.16,17.37,1827,1.36,South,Flagship,Bundle,Spring,476.26
31.44,12.1,1459,3.48,East,Flagship,Discount,Winter,561.12
23.55,14.22,1336,11.87,South,Flagship,Bundle,Fall,488.76
17.75,13.19,1186,6.18,North,Outlet,Bundle,Fall,467.27
25.87,11.84,1028,5.7,North,Neighborhood,Discount,Fall,486.22
13.18,14.97,1091,3.15,North,Flagship,Loyalty,Summer,510.04
27.45,14.14,792,9.62,East,Outlet,Discount,Summer,512.68
25.27,13.51,1366,5.11,South,Outlet,None,Spring,372.24
19.54,12.09,642,8.45,East,Outlet,Bundle,Fall,514.84
15.29,16.28,1486,2.89,West,Outlet,Bundle,Winter,420.37
14.91,21.61,1384,19.42,North,Flagship,Discount,Summer,369.52
26.28,15.56,1466,13.29,South,Neighborhood,Loyalty,Winter,427.42
31.83,18.98,1165,6.13,West,Outlet,Loyalty,Winter,457.53
16.9,9.44,2785,7.1,North,Neighborhood,None,Summer,726.98
25.67,15.63,2012,3.51,North,Flagship,Loyalty,Summer,509.18
5.3,10.61,840,8.91,South,Outlet,None,Summer,129.09
17.32,9.09,1505,0.6,North,Flagship,None,Summer,589.99
21.75,12.04,1126,15.48,West,Flagship,None,Fall,372.69
14.72,19.77,943,8.56,West,Neighborhood,Loyalty,Fall,247.46
14.51,18.8,797,2.42,East,Neighborhood,Bundle,Fall,394.1
16.66,15.97,1594,15.24,West,Neighborhood,None,Fall,364.93
24.34,8.87,1093,18.37,West,Flagship,Discount,Spring,608.24
20.5,14.21,1836,7.37,North,Outlet,Bundle,Fall,455.14
4.09,16.21,1847,2.93,West,Neighborhood,None,Summer,296.7
5.03,15.7,2018,5.77,East,Flagship,Loyalty,Winter,132.72
17.15,7.62,1016,8.11,West,Outlet,Loyalty,Fall,425.22
25.66,11.44,1614,6.95,West,Outlet,Discount,Spring,623.6
2.0,14.74,1685,2.42,South,Outlet,Loyalty,Summer,343.55
18.0,17.15,1187,8.01,North,Outlet,Discount,Winter,435.88
17.79,6.22,1053,11.78,North,Neighborhood,Loyalty,Winter,404.15
33.11,14.35,2124,1.95,South,Neighborhood,Bundle,Fall,692.31
18.92,15.57,1502,2.16,West,Flagship,Bundle,Winter,373.36
25.06,18.4,1686,3.39,West,Neighborhood,None,Fall,248.66
23.13,17.77,1030,4.77,North,Neighborhood,Loyalty,Fall,349.61
4.96,17.33,851,9.78,East,Neighborhood,Discount,Summer,357.35
28.15,11.8,1144,11.69,South,Neighborhood,None,Summer,430.24
23.72,7.37,1344,2.82,North,Neighborhood,None,Spring,449.51
26.07,13.43,921,6.46,North,Flagship,Discount,Summer,735.16
50.0,19.01,1396,11.39,South,Flagship,Discount,Summer,527.29
5.33,20.57,640,20.0,West,Neighborhood,Bundle,Fall,76.51
35.8,17.84,896,6.43,South,Flagship,Loyalty,Summer,293.05
19.7,16.72,1702,6.69,East,Outlet,None,Fall,384.73
24.3,16.52,1672,7.4,East,Neighborhood,Bundle,Fall,516.61
21.64,12.78,1224,4.4,South,Neighborhood,None,Summer,485.64
18.61,14.48,942,6.09,West,Neighborhood,Loyalty,Spring,357.63
17.44,21.68,938,0.79,West,Outlet,Loyalty,Spring,224.68
24.64,11.23,1232,3.52,South,Neighborhood,Discount,Winter,444.5
9.86,21.46,1690,7.92,South,Neighborhood,Bundle,Winter,226.27
28.0,13.71,1818,2.68,South,Neighborhood,Discount,Summer,468.5
18.67,20.3,1177,9.93,South,Neighborhood,Discount,Spring,596.37
12.96,9.37,881,1.13,North,Outlet,Loyalty,Fall,378.42
18.4,17.34,1521,9.68,East,Outlet,Discount,Winter,420.55
32.06,12.05,1029,9.66,East,Neighborhood,Discount,Fall,636.99
17.72,9.34,1167,20.0,North,Outlet,Discount,Winter,573.59
24.87,15.87,1996,4.26,South,Outlet,Loyalty,Summer,511.4
16.15,19.04,1772,5.61,West,Neighborhood,Discount,Spring,371.15
28.06,11.62,1471,14.53,North,Outlet,None,Winter,462.86
27.48,9.0,828,13.35,North,Neighborhood,Bundle,Spring,592.86
36.79,14.63,1495,10.91,South,Neighborhood,Loyalty,Fall,431.14
20.6,14.65,1878,7.12,West,Neighborhood,None,Summer,592.52
27.35,17.19,1231,14.27,North,Outlet,None,Spring,395.76
22.78,18.8,2008,20.0,East,Flagship,None,Summer,588.95
32.37,14.76,1982,8.43,West,Outlet,Discount,Spring,783.45
16.25,22.42,2149,5.8,North,Outlet,Discount,Fall,506.39
27.96,15.9,1537,9.11,East,Flagship,Bundle,Fall,587.5
20.44,13.61,1664,6.37,South,Outlet,Bundle,Summer,586.66
21.49,8.55,2036,4.55,East,Flagship,Bundle,Fall,612.05
22.73,13.95,1601,9.96,East,Neighborhood,Discount,Winter,490.44
24.02,13.65,1174,3.8,East,Neighborhood,Loyalty,Spring,405.0
21.07,18.84,1198,8.31,North,Flagship,Discount,Fall,386.64
23.72,16.85,1507,1.41,West,Outlet,Loyalty,Winter,567.93
34.62,10.28,819,15.92,South,Outlet,Bundle,Summer,453.44
29.88,15.69,1336,3.0,North,Neighborhood,None,Winter,185.6
28.95,17.69,1893,1.71,North,Flagship,Bundle,Summer,746.16
18.36,21.11,414,13.06,East,Neighborhood,Discount,Summer,404.68
14.89,18.55,2091,14.65,East,Neighborhood,Bundle,Spring,362.47
29.64,18.04,1905,7.02,North,Outlet,None,Spring,475.63
29.01,15.24,1193,5.22,East,Neighborhood,None,Winter,411.54
33.78,16.55,1645,4.34,North,Neighborhood,Loyalty,Spring,491.47
17.17,20.0,1401,6.75,East,Neighborhood,None,Spring,479.77
20.16,9.67,1953,5.44,North,Neighborhood,Loyalty,Spring,388.84
8.88,13.6,1842,4.96,East,Outlet,None,Winter,283.27
18.86,11.91,770,2.73,South,Flagship,Bundle,Fall,493.95
29.97,16.52,1664,2.1,West,Outlet,Bundle,Spring,601.08
18.27,19.92,1307,5.97,North,Neighborhood,Discount,Spring,379.59
27.12,12.61,1437,6.61,South,Outlet,Discount,Winter,451.2
20.48,5.44,1072,3.14,North,Neighborhood,None,Fall,493.33
24.59,13.35,2187,3.52,West,Neighborhood,None,Spring,526.3
12.82,18.65,1868,6.6,West,Outlet,Discount,Summer,542.31
22.68,17.15,1067,2.67,South,Flagship,Bundle,Winter,420.78
2.0,16.71,799,11.18,East,Outlet,Loyalty,Spring,50.0
20.5,13.88,1226,8.09,West,Neighborhood,Loyalty,Spring,382.78
8.96,9.88,1596,3.12,East,Flagship,Bundle,Summer,407.95
31.65,17.06,1508,7.81,East,Neighborhood,Bundle,Summer,541.64
28.22,11.66,1964,2.73,North,Neighborhood,Bundle,Winter,644.51
25.73,23.74,1755,9.69,North,Flagship,None,Winter,327.78
34.17,17.28,1836,2.82,West,Neighborhood,Loyalty,Summer,806.32
14.41,12.68,1547,5.14,West,Neighborhood,Bundle,Winter,389.0
35.98,12.55,775,6.23,East,Neighborhood,Discount,Summer,591.65
29.46,14.63,1312,14.51,South,Flagship,None,Spring,402.69
20.11,14.04,1877,2.98,South,Outlet,Discount,Summer,493.32
31.08,19.47,1377,2.88,East,Outlet,Discount,Summer,563.11
13.15,15.75,1626,1.5,West,Outlet,Loyalty,Fall,450.68
15.4,12.07,1257,17.28,West,Neighborhood,Discount,Summer,555.62
17.13,22.56,937,5.74,West,Flagship,Discount,Summer,316.65
17.77,15.2,1344,11.36,East,Outlet,Loyalty,Fall,312.89
13.55,18.08,1539,3.57,North,Flagship,None,Winter,188.14
31.78,12.57,1105,3.84,North,Flagship,Discount,Fall,624.61
19.93,16.45,1294,5.41,West,Neighborhood,None,Spring,397.78
24.82,16.24,977,5.53,East,Neighborhood,Bundle,Fall,292.75
17.44,7.44,1904,8.89,North,Outlet,Loyalty,Spring,524.64
7.44,23.06,1267,5.86,North,Neighborhood,None,Winter,108.4
24.16,20.16,2054,4.21,East,Neighborhood,Loyalty,Fall,296.17
6.7,13.41,2088,17.49,North,Neighborhood,None,Fall,303.81
21.45,10.59,1364,2.7,North,Outlet,Loyalty,Winter,341.16
11.05,16.39,946,2.99,East,Neighborhood,Bundle,Spring,165.11
37.9,15.35,461,2.74,East,Neighborhood,Loyalty,Fall,379.92
29.29,16.42,738,9.13,East,Flagship,None,Spring,290.0
22.85,15.77,782,7.65,North,Outlet,Loyalty,Fall,318.42
32.11,17.02,2020,4.97,East,Neighborhood,Bundle,Summer,676.74
15.23,20.79,1452,2.62,North,Flagship,Discount,Fall,548.99
26.35,17.27,1575,6.21,South,Flagship,Loyalty,Winter,526.13
23.6,10.8,401,9.99,East,Neighborhood,None,Winter,80.84
24.11,20.45,861,14.89,East,Neighborhood,Loyalty,Spring,395.8
32.18,21.56,1799,3.45,West,Neighborhood,None,Fall,365.48
27.86,27.61,1529,4.96,East,Outlet,Bundle,Spring,488.89
24.31,10.51,1334,7.6,East,Flagship,Discount,Spring,569.61
8.76,15.97,1654,4.18,North,Neighborhood,None,Summer,317.9
14.32,6.67,2136,1.74,South,Outlet,None,Summer,508.45
21.02,17.21,1301,4.98,South,Neighborhood,None,Winter,147.6
22.75,12.81,1431,1.96,North,Neighborhood,Discount,Spring,432.81
12.96,22.69,1487,10.55,West,Neighborhood,Discount,Winter,269.07
41.29,11.9,2476,4.44,South,Neighborhood,Discount,Fall,776.63
34.13,8.24,455,5.35,West,Outlet,None,Spring,407.95
26.82,13.11,1707,3.06,East,Neighborhood,None,Spring,468.83
22.58,7.1,1348,5.51,West,Outlet,Bundle,Fall,532.61
20.3,18.0,1655,12.65,East,Flagship,None,Fall,409.52
14.38,6.74,1104,11.32,East,Flagship,Loyalty,Winter,552.44
22.62,15.11,1378,2.25,South,Flagship,Loyalty,Winter,446.62
24.06,6.69,1720,0.5,North,Neighborhood,Bundle,Fall,639.13
12.07,13.72,2801,5.01,East,Neighborhood,Discount,Winter,447.11
24.67,21.57,1764,4.46,South,Outlet,Loyalty,Fall,428.78
20.76,16.44,1018,4.26,North,Neighborhood,None,Spring,159.24
6.74,11.55,1209,3.63,East,Outlet,None,Spring,174.07
15.12,14.88,1196,2.2,North,Flagship,None,Summer,410.42
18.69,15.07,592,20.0,West,Outlet,Bundle,Spring,449.28
37.1,16.89,1251,17.27,West,Outlet,None,Fall,397.68
26.45,9.53,1730,4.12,West,Outlet,Discount,Winter,596.84
11.32,17.37,827,6.15,South,Outlet,Loyalty,Summer,155.18
25.89,5.0,1872,10.68,North,Outlet,Loyalty,Winter,682.73
9.62,12.48,1619,6.13,West,Neighborhood,Discount,Fall,405.77
30.66,13.05,1070,3.87,South,Flagship,None,Spring,320.11
18.23,17.53,1336,1.77,West,Flagship,Loyalty,Summer,384.93
21.25,15.09,2119,5.65,West,Outlet,Discount,Fall,581.34
32.61,9.38,1730,1.99,West,Neighborhood,None,Summer,511.76
11.7,11.06,1404,12.09,South,Outlet,None,Summer,404.64
10.82,15.79,1293,5.47,South,Neighborhood,Loyalty,Spring,196.24
17.33,14.68,1434,8.02,West,Flagship,Bundle,Fall,622.71
30.31,12.68,1170,4.36,South,Flagship,Loyalty,Winter,549.18
9.85,13.08,453,9.73,North,Neighborhood,Loyalty,Summer,184.94
2.0,17.78,2319,3.39,East,Neighborhood,Discount,Summer,357.45
18.39,12.93,1470,6.88,West,Flagship,Discount,Winter,423.03
26.41,14.65,1579,4.24,East,Neighborhood,Discount,Fall,519.8
31.6,23.68,1374,4.74,East,Flagship,Discount,Summer,737.3
18.29,9.31,1069,10.59,North,Neighborhood,Discount,Summer,545.78
18.71,7.59,1316,3.04,East,Neighborhood,Bundle,Summer,594.53
31.23,18.13,680,7.21,West,Outlet,Bundle,Fall,485.01
7.04,12.29,2425,13.03,North,Neighborhood,Loyalty,Fall,379.43
18.89,13.73,844,10.34,East,Neighborhood,Discount,Winter,293.31
23.52,11.88,936,3.47,West,Flagship,Bundle,Fall,393.74
25.59,13.96,1202,7.9,East,Flagship,Bundle,Fall,442.64
17.92,21.39,1980,1.13,East,Neighborhood,Discount,Spring,168.62
22.28,18.21,1407,10.82,East,Neighborhood,Bundle,Winter,437.28
2.09,18.45,844,20.0,South,Neighborhood,None,Summer,297.15
16.73,9.34,1964,6.93,South,Neighborhood,Discount,Fall,572.4
25.63,10.4,1729,13.45,West,Neighborhood,None,Summer,434.03
14.14,5.0,1642,1.7,West,Outlet,Discount,Summer,564.51
22.47,11.76,1722,2.41,West,Outlet,Discount,Spring,510.95
25.57,18.83,2477,4.35,West,Flagship,Bundle,Fall,526.03
19.26,17.07,2383,4.98,East,Neighborhood,Loyalty,Winter,483.77
23.36,14.11,1091,6.96,East,Flagship,Bundle,Fall,556.58
14.3,14.91,2131,3.48,West,Flagship,Bundle,Summer,461.3
20.35,12.24,1572,6.19,East,Outlet,Discount,Winter,525.18
26.88,15.82,1625,10.57,East,Flagship,Bundle,Fall,707.23
23.26,18.06,638,7.88,West,Neighborhood,None,Summer,447.98
17.31,8.54,1323,4.24,West,Neighborhood,None,Summer,701.67
23.79,16.2,1034,9.22,South,Neighborhood,Discount,Spring,336.57
27.72,18.73,1773,4.1,South,Neighborhood,Discount,Spring,749.5
5.6,13.34,1882,5.95,North,Flagship,None,Spring,277.85
31.27,17.8,466,10.22,East,Neighborhood,None,Summer,230.6
19.31,26.26,1390,4.88,North,Neighborhood,None,Fall,302.38
25.4,14.58,1905,1.96,South,Flagship,Loyalty,Spring,425.22
31.58,16.57,1316,5.84,East,Neighborhood,Discount,Fall,577.61
11.03,12.05,1728,10.28,South,Flagship,Discount,Spring,332.77
16.32,15.73,1558,10.9,East,Flagship,None,Winter,275.26
19.69,16.84,1554,2.33,North,Neighborhood,Bundle,Winter,488.72
15.73,15.78,1278,8.98,North,Flagship,None,Spring,312.09
35.88,10.92,853,4.67,West,Neighborhood,None,Summer,433.5
15.15,15.83,895,14.02,South,Neighborhood,Discount,Spring,374.27
17.56,20.85,1719,2.0,North,Outlet,None,Spring,403.39
23.64,16.79,1409,8.87,East,Flagship,None,Summer,268.0
12.38,18.85,1338,4.3,West,Flagship,None,Winter,239.25
18.83,14.05,1209,3.53,North,Flagship,None,Fall,325.71
24.54,18.0,1263,10.52,East,Neighborhood,None,Spring,323.22
19.34,16.12,1871,11.61,North,Neighborhood,Discount,Summer,701.95
21.25,11.2,1249,0.81,North,Flagship,Loyalty,Spring,361.67
17.77,16.27,797,10.64,East,Outlet,Discount,Summer,326.92
9.88,11.03,1735,5.32,East,Flagship,Discount,Fall,306.85
24.57,12.47,1308,5.72,East,Neighborhood,None,Fall,321.5
36.04,15.76,1414,1.9,East,Neighborhood,Loyalty,Winter,524.97
22.15,16.19,2123,8.48,West,Outlet,Discount,Summer,646.27
23.8,10.24,1391,20.0,East,Neighborhood,None,Summer,401.25
27.54,19.22,1530,3.7,South,Outlet,Bundle,Winter,343.36
11.85,17.29,869,12.33,West,Neighborhood,None,Winter,50.0
35.62,12.18,1301,5.57,South,Outlet,Discount,Summer,524.72
23.62,8.85,1674,3.82,South,Flagship,Discount,Winter,611.43
35.05,14.42,700,1.58,North,Outlet,Loyalty,Fall,305.29
16.14,13.22,1490,13.46,North,Neighborhood,Discount,Spring,594.16
36.54,15.45,1445,6.07,West,Outlet,Bundle,Fall,564.73
28.2,13.55,1419,3.97,West,Neighborhood,Loyalty,Winter,429.21
26.42,6.97,1867,4.5,East,Neighborhood,None,Summer,567.34
23.87,13.45,1550,8.94,South,Neighborhood,None,Summer,486.41
20.01,13.78,2065,3.97,North,Neighborhood,Discount,Fall,648.24
31.6,17.53,953,2.6,North,Flagship,Discount,Summer,589.87
23.12,12.21,1461,5.15,South,Flagship,Discount,Winter,540.92
6.26,21.71,1438,5.03,East,Flagship,Loyalty,Fall,187.64
13.06,7.35,919,4.95,East,Flagship,Bundle,Summer,562.84
20.51,20.24,1830,4.01,East,Outlet,Bundle,Spring,409.43
24.48,14.1,2446,12.6,South,Flagship,Discount,Spring,670.43
21.55,18.44,1392,20.0,West,Outlet,Loyalty,Winter,379.47
31.75,15.32,1627,2.33,East,Neighborhood,Loyalty,Summer,493.85
6.39,19.56,1438,0.67,East,Flagship,Loyalty,Winter,80.99
23.15,13.45,1079,4.69,East,Outlet,None,Fall,357.2
7.46,10.61,581,0.77,South,Neighborhood,Bundle,Spring,297.76
28.08,20.68,1082,1.43,North,Neighborhood,None,Fall,384.48
21.24,14.55,774,3.75,South,Neighborhood,None,Summer,142.36
25.36,15.89,2167,8.89,West,Neighborhood,None,Winter,506.82
15.09,19.94,1348,4.65,North,Flagship,Bundle,Winter,279.93
32.24,10.87,1244,0.5,North,Outlet,Bundle,Winter,550.7
30.33,17.38,1800,4.6,North,Outlet,None,Fall,341.16
26.67,12.64,895,4.86,North,Neighborhood,Discount,Spring,513.06
20.96,14.47,1055,4.93,West,Flagship,Discount,Fall,517.08
26.64,15.29,1431,11.42,East,Neighborhood,Discount,Fall,423.83
16.34,9.0,1863,10.2,South,Flagship,None,Summer,592.76
28.84,11.88,1626,5.9,North,Flagship,Discount,Summer,854.0
35.2,20.4,1512,18.98,South,Neighborhood,Bundle,Summer,574.35
30.56,18.54,1435,3.74,South,Neighborhood,None,Spring,411.12
16.16,14.75,1580,5.1,North,Outlet,None,Spring,303.28
24.89,15.97,1491,5.5,South,Neighborhood,Discount,Summer,609.53
11.65,13.82,937,1.56,South,Neighborhood,Loyalty,Summer,58.53
26.58,20.43,1421,5.58,East,Neighborhood,Bundle,Spring,650.53
25.6,14.2,917,1.28,East,Neighborhood,Bundle,Winter,497.23
7.04,15.93,1436,3.29,North,Neighborhood,Discount,Spring,257.96
12.71,19.58,1184,6.09,South,Outlet,Discount,Spring,103.17
19.73,11.89,2543,1.81,East,Flagship,None,Spring,534.54
19.59,21.24,1382,7.06,East,Outlet,Bundle,Summer,320.82
12.32,8.88,768,2.88,West,Neighborhood,Loyalty,Winter,323.27
25.11,21.52,1340,4.23,East,Neighborhood,Bundle,Spring,437.38
24.01,13.51,1634,7.93,North,Neighborhood,Loyalty,Summer,472.21
20.45,14.03,2153,5.27,North,Neighborhood,Bundle,Fall,666.49
15.95,7.44,1135,6.95,East,Outlet,None,Fall,438.89
30.39,13.18,688,7.6,North,Outlet,Loyalty,Spring,504.02
35.24,10.84,1768,5.21,East,Neighborhood,None,Fall,486.1
18.13,12.57,779,7.23,West,Neighborhood,Discount,Winter,244.05
17.1,14.45,1204,3.25,East,Neighborhood,None,Fall,360.12
25.93,18.83,1284,7.87,South,Outlet,None,Fall,273.41
19.14,15.83,1369,4.71,East,Flagship,Discount,Winter,285.46
20.88,16.23,1710,12.82,South,Neighborhood,None,Spring,458.87
27.92,10.62,1092,6.18,East,Neighborhood,Discount,Spring,739.78
6.73,11.48,1277,3.63,West,Neighborhood,Discount,Winter,265.7
32.55,22.19,1394,7.96,South,Flagship,None,Winter,449.34
22.58,12.06,1467,13.18,West,Neighborhood,None,Winter,378.26
18.71,21.62,1444,3.9,West,Outlet,Discount,Fall,398.31
21.29,14.03,1596,3.4,North,Flagship,Discount,Winter,441.11
21.7,15.01,1780,0.5,North,Flagship,Bundle,Summer,731.5
8.15,19.28,1577,6.17,North,Outlet,Bundle,Fall,244.05
33.96,20.09,1604,4.37,North,Flagship,Loyalty,Spring,548.3
22.33,14.56,688,7.94,North,Outlet,Bundle,Spring,343.16
25.54,13.45,1423,8.05,East,Neighborhood,Discount,Spring,495.81
29.61,14.78,1616,1.63,North,Flagship,Bundle,Fall,674.61
13.83,16.35,1728,10.17,South,Outlet,None,Summer,312.77
25.79,18.57,1088,3.01,West,Neighborhood,Discount,Winter,360.62
19.86,15.02,1103,3.91,North,Neighborhood,Bundle,Winter,455.6
28.77,17.48,1142,7.09,West,Neighborhood,Discount,Spring,640.24
4.98,21.55,1641,2.2,South,Neighborhood,Bundle,Spring,222.11
21.21,16.53,1865,3.43,North,Flagship,Loyalty,Fall,430.92
17.18,16.25,1217,2.02,East,Neighborhood,Loyalty,Summer,315.45
25.46,8.92,1809,10.75,East,Outlet,Loyalty,Winter,527.39
25.76,5.0,1456,4.18,West,Neighborhood,Discount,Fall,737.63
16.34,16.55,1344,1.84,East,Neighborhood,Discount,Winter,233.77
16.3,14.62,1305,1.97,West,Neighborhood,Discount,Spring,464.3
21.11,12.94,1736,9.61,South,Outlet,Discount,Winter,470.17
14.83,15.97,1547,2.79,North,Flagship,Bundle,Summer,322.28
28.74,14.76,2424,3.84,West,Outlet,Bundle,Summer,626.41
19.05,19.51,1016,5.76,West,Neighborhood,Bundle,Spring,294.06
2.0,15.34,1633,4.41,West,Flagship,Discount,Summer,326.01
19.0,12.01,1162,0.95,South,Flagship,None,Summer,529.98
13.69,18.96,1009,8.52,South,Flagship,Discount,Fall,333.55
8.95,14.13,1395,4.66,West,Neighborhood,None,Winter,106.81
12.1,17.11,1462,6.9,South,Neighborhood,Loyalty,Spring,280.53
22.88,13.09,2713,8.95,West,Outlet,Discount,Spring,657.17
32.63,12.4,1317,0.72,West,Neighborhood,None,Spring,408.06
24.51,15.34,891,9.0,South,Flagship,None,Spring,338.66
17.15,15.05,1523,20.0,West,Neighborhood,Bundle,Spring,593.32
25.65,16.92,466,7.42,West,Neighborhood,Bundle,Summer,402.79
18.33,13.93,1359,12.95,North,Flagship,Discount,Fall,694.99
16.44,7.65,1407,10.52,West,Flagship,None,Spring,569.38
12.77,13.27,1758,8.78,East,Flagship,Discount,Fall,436.49
7.99,18.18,1838,10.76,West,Neighborhood,Discount,Fall,572.12
18.88,13.81,1173,11.98,South,Neighborhood,Bundle,Summer,482.61
23.26,14.01,1332,12.29,West,Neighborhood,Bundle,Spring,423.69
21.23,18.95,1055,1.96,South,Outlet,Discount,Summer,555.6
18.67,12.15,892,11.2,North,Outlet,None,Spring,499.48
14.43,8.83,1539,4.61,West,Neighborhood,Loyalty,Summer,507.39
26.87,14.36,827,12.57,North,Outlet,Discount,Fall,475.55
11.46,13.06,1213,7.87,South,Flagship,Bundle,Spring,330.6
28.21,11.14,952,1.93,West,Flagship,None,Winter,417.7
13.98,14.3,1647,13.7,West,Neighborhood,Discount,Fall,601.17
15.98,16.97,2211,3.02,East,Flagship,None,Winter,362.19
10.27,14.96,814,4.44,East,Neighborhood,Discount,Fall,275.9
17.99,16.23,566,15.79,South,Outlet,Loyalty,Summer,450.76
29.8,22.25,1344,6.21,South,Flagship,Discount,Spring,435.14
26.13,13.63,1407,4.29,South,Flagship,None,Fall,470.54
29.83,16.11,1498,5.3,East,Neighborhood,None,Summer,391.76
26.18,12.96,1199,4.22,West,Outlet,Discount,Spring,556.39
13.17,11.61,1310,9.6,West,Neighborhood,None,Spring,307.31
19.35,12.66,1565,4.32,West,Neighborhood,None,Fall,372.29
15.76,13.08,1868,5.43,North,Flagship,Bundle,Spring,481.39
32.64,16.44,520,8.32,South,Flagship,Discount,Fall,583.34
12.43,24.4,1234,7.71,North,Outlet,None,Spring,153.2
29.15,12.14,1496,3.23,East,Outlet,Loyalty,Winter,365.02
29.14,13.33,987,9.68,South,Flagship,None,Summer,597.19
36.64,14.75,2179,3.74,West,Outlet,Loyalty,Winter,611.77
18.72,16.58,1114,2.37,South,Neighborhood,Discount,Fall,141.08
27.7,16.05,1381,1.05,North,Outlet,Loyalty,Winter,331.36
40.25,20.14,1650,4.9,North,Neighborhood,Bundle,Fall,402.1
17.06,5.29,1134,1.3,West,Neighborhood,Loyalty,Spring,394.09
9.72,5.45,569,2.87,East,Neighborhood,Loyalty,Spring,50.0
6.96,13.02,1207,5.53,North,Neighborhood,None,Fall,210.9
27.7,19.39,1863,11.81,North,Flagship,Loyalty,Winter,366.79
6.93,8.74,1248,4.53,East,Flagship,Discount,Spring,407.87
19.02,5.0,1019,1.59,North,Neighborhood,Discount,Summer,474.59
25.5,17.28,1817,5.17,West,Neighborhood,Discount,Spring,550.99
23.48,15.97,1251,11.51,East,Flagship,Discount,Summer,538.16
25.4,10.64,1170,4.45,North,Neighborhood,None,Winter,476.93
23.78,11.06,1467,13.13,North,Outlet,Discount,Summer,788.03
32.23,11.12,1747,5.51,West,Flagship,Discount,Summer,851.47
14.38,15.44,2472,9.03,South,Neighborhood,Bundle,Summer,523.31
16.58,12.49,1772,6.54,South,Neighborhood,Loyalty,Summer,648.1
15.82,16.98,1922,12.72,West,Outlet,Discount,Spring,358.4
28.64,5.0,1172,19.78,West,Flagship,Discount,Summer,748.44
29.2,11.57,938,3.89,West,Neighborhood,None,Spring,342.52
25.61,10.5,1428,6.28,West,Outlet,None,Summer,679.46
31.47,13.97,1448,11.8,South,Outlet,None,Fall,374.28
12.58,12.85,915,6.71,North,Neighborhood,Discount,Winter,298.67
35.34,18.19,1321,1.0,West,Neighborhood,None,Summer,252.27
34.19,7.56,1580,4.5,East,Neighborhood,Loyalty,Fall,704.16
27.88,15.18,1562,6.67,South,Outlet,Discount,Summer,671.08
36.25,17.23,1627,15.01,West,Neighborhood,Discount,Summer,778.11
8.75,22.43,1531,6.04,North,Flagship,Discount,Summer,309.93
17.8,13.07,1172,2.71,South,Outlet,None,Fall,192.92
16.12,16.3,1169,6.78,North,Neighborhood,Discount,Winter,229.94
27.77,7.78,860,14.04,South,Neighborhood,Bundle,Fall,561.95
13.6,5.43,2203,3.42,North,Flagship,Discount,Winter,548.8
28.06,18.38,1406,3.78,North,Neighborhood,Discount,Summer,462.4
32.96,14.98,1299,3.46,North,Neighborhood,Loyalty,Spring,424.13
27.56,19.71,982,1.8,East,Neighborhood,Loyalty,Summer,337.59
24.27,9.51,2721,5.84,East,Flagship,Bundle,Winter,635.16
14.1,17.08,917,5.36,East,Neighborhood,Discount,Fall,355.91
15.23,22.48,1207,1.12,West,Outlet,Bundle,Summer,372.95
32.0,16.68,1587,2.89,South,Flagship,None,Fall,345.11
28.23,16.11,1670,6.41,South,Outlet,Discount,Fall,560.75
21.69,15.03,1831,8.88,West,Neighborhood,None,Fall,326.95
18.66,8.72,2213,10.54,North,Outlet,Discount,Summer,744.49
5.79,20.42,1628,9.37,West,Outlet,Discount,Fall,321.06
13.43,12.56,925,5.59,North,Neighborhood,None,Fall,126.21
37.29,17.02,1284,1.53,West,Neighborhood,Loyalty,Summer,590.44
11.76,8.75,1539,4.73,North,Outlet,Loyalty,Fall,346.5
23.52,10.28,2331,0.5,West,Neighborhood,Bundle,Summer,712.15
30.06,20.74,771,6.43,East,Neighborhood,Discount,Winter,488.96
11.96,13.61,1941,3.32,West,Neighborhood,Loyalty,Winter,413.49
23.48,20.81,1481,0.7,North,Outlet,None,Winter,258.73
29.5,14.69,1777,7.27,East,Outlet,Bundle,Fall,541.24
22.1,7.63,1354,13.93,West,Outlet,None,Spring,549.37
44.95,18.57,1021,1.32,East,Neighborhood,Bundle,Spring,514.34
8.65,12.64,1738,7.69,East,Outlet,None,Fall,244.39
30.47,17.79,1694,4.14,East,Flagship,Loyalty,Spring,408.34
20.62,15.1,1837,3.02,South,Neighborhood,Loyalty,Summer,280.28
28.18,8.83,1394,3.03,East,Flagship,None,Spring,495.53
25.53,15.66,1130,4.14,East,Neighborhood,Discount,Fall,466.09
16.13,23.78,699,4.12,West,Neighborhood,Loyalty,Fall,324.6
23.83,16.97,1769,5.43,North,Neighborhood,Discount,Summer,634.33
7.14,14.77,1591,2.78,South,Neighborhood,Loyalty,Winter,291.06
26.83,19.3,965,3.28,West,Neighborhood,Discount,Fall,380.47
24.39,15.84,1158,8.19,West,Neighborhood,Discount,Summer,642.69
27.11,15.84,1190,2.57,South,Flagship,None,Spring,250.99
30.46,10.63,733,6.72,East,Neighborhood,None,Spring,412.05
24.94,15.94,1032,4.3,South,Flagship,Bundle,Summer,330.26
23.18,19.14,890,3.65,North,Flagship,Discount,Summer,490.85
14.95,11.66,1214,16.83,South,Neighborhood,Discount,Fall,271.18
16.3,20.7,1068,1.84,South,Neighborhood,Discount,Spring,249.04
31.49,14.63,668,14.55,East,Neighborhood,Discount,Summer,595.01
33.49,11.45,2310,9.76,North,Neighborhood,Loyalty,Spring,614.72
20.1,18.99,1964,3.39,West,Neighborhood,Loyalty,Summer,396.09
22.37,13.85,1049,9.94,West,Outlet,Discount,Spring,556.69
14.76,18.04,1523,0.5,East,Neighborhood,Loyalty,Winter,233.68
31.38,13.83,1588,3.14,East,Neighborhood,Bundle,Fall,507.68
27.32,14.76,1936,2.6,South,Flagship,Discount,Spring,582.49
37.53,16.97,1032,7.33,West,Neighborhood,Loyalty,Winter,633.77
14.97,16.16,1891,9.0,East,Neighborhood,None,Spring,431.68
18.98,7.02,1153,7.25,North,Neighborhood,None,Spring,527.12
23.85,10.52,799,6.13,West,Neighborhood,Loyalty,Winter,421.26
27.17,18.72,1726,10.38,West,Neighborhood,Discount,Spring,573.59
20.27,14.47,1981,9.43,West,Neighborhood,Loyalty,Spring,274.86
15.02,12.91,2565,3.33,East,Outlet,Loyalty,Fall,446.63
29.05,9.57,860,3.64,East,Outlet,None,Winter,264.62
27.77,10.68,1715,9.07,South,Neighborhood,Loyalty,Winter,301.29
14.67,6.91,1216,5.39,West,Outlet,Discount,Summer,445.61
32.84,14.59,1753,5.67,West,Flagship,Discount,Spring,479.26
31.36,12.61,738,6.21,North,Flagship,Bundle,Fall,534.49
23.07,11.13,832,1.05,North,Flagship,Loyalty,Spring,509.6
22.64,14.73,1051,3.21,South,Neighborhood,None,Spring,341.75
26.43,16.46,1436,7.77,West,Outlet,Discount,Summer,632.61
15.11,23.37,1112,3.18,West,Flagship,Bundle,Spring,202.64
22.24,8.95,1697,4.68,North,Outlet,Bundle,Fall,414.09
4.78,19.64,1862,7.74,East,Flagship,Bundle,Fall,134.96
29.01,18.89,1670,10.76,South,Outlet,None,Summer,307.2
9.51,11.88,2128,11.61,West,Neighborhood,None,Spring,304.42
34.03,15.81,1587,12.04,West,Flagship,Discount,Fall,659.59
19.36,13.17,852,5.02,West,Neighborhood,Loyalty,Spring,252.53
20.31,15.74,2014,4.64,South,Neighborhood,None,Spring,368.58
16.98,21.04,1128,2.06,South,Neighborhood,None,Spring,133.86
19.7,17.42,1810,13.99,South,Neighborhood,Loyalty,Summer,481.67
33.35,17.03,2108,4.49,North,Outlet,None,Spring,552.73
2.1,13.28,1606,13.78,West,Neighborhood,Loyalty,Fall,174.4
32.22,9.06,727,6.85,West,Neighborhood,Bundle,Spring,577.97
24.7,14.17,987,11.09,West,Neighborhood,Loyalty,Fall,431.13
12.34,19.83,1995,5.27,West,Neighborhood,None,Spring,254.59
13.4,8.89,1324,8.27,East,Neighborhood,None,Fall,442.14
35.41,10.78,1436,11.34,West,Neighborhood,Bundle,Fall,727.96
14.44,15.51,1741,3.79,West,Flagship,Loyalty,Spring,315.89
12.77,11.06,1713,12.08,West,Flagship,Bundle,Spring,505.73
31.1,11.83,1525,2.32,North,Neighborhood,None,Fall,463.45
24.71,13.31,1306,16.56,South,Flagship,Bundle,Winter,462.12
14.5,9.54,1259,6.23,North,Neighborhood,Bundle,Summer,558.56
23.73,11.1,1786,3.25,West,Neighborhood,Bundle,Winter,531.45
13.79,17.81,1649,9.63,East,Flagship,Bundle,Winter,513.97
30.81,9.77,1284,7.07,North,Neighborhood,Loyalty,Spring,404.22
30.49,8.61,1887,1.11,East,Neighborhood,Bundle,Summer,698.86
26.26,12.48,1342,4.14,East,Outlet,None,Winter,228.68
24.89,17.93,1017,2.42,South,Neighborhood,Discount,Spring,433.59
36.09,14.21,1058,2.61,North,Outlet,None,Winter,156.82
22.0,13.14,960,2.53,East,Neighborhood,Discount,Winter,419.17
12.55,15.18,1277,8.0,East,Flagship,Discount,Spring,331.28
25.6,8.02,1955,10.12,West,Neighborhood,None,Spring,480.39
38.69,16.98,1038,3.01,East,Outlet,Discount,Spring,390.45
13.88,16.53,1485,0.82,West,Neighborhood,None,Summer,266.76
19.11,13.36,1104,19.04,East,Outlet,Loyalty,Winter,471.71
25.33,19.02,1283,6.27,East,Outlet,Loyalty,Spring,383.65
21.57,10.49,720,9.68,West,Flagship,None,Fall,448.65
14.14,19.51,1301,4.84,South,Flagship,Loyalty,Winter,362.96
30.97,15.62,1313,0.63,North,Neighborhood,Discount,Fall,567.36
40.56,13.65,1643,7.47,North,Neighborhood,None,Summer,460.32
23.57,14.92,1500,15.46,West,Outlet,None,Spring,443.6
14.77,14.57,861,3.4,East,Outlet,Discount,Fall,285.66
9.61,19.88,1888,0.54,East,Neighborhood,Bundle,Summer,318.79
24.06,10.69,1495,2.05,North,Flagship,Bundle,Spring,443.03
30.83,11.95,1489,9.99,North,Outlet,None,Fall,543.83
25.8,19.15,1396,7.04,North,Neighborhood,None,Fall,308.33
21.98,12.62,1167,12.11,South,Outlet,Discount,Summer,543.77
17.29,18.6,1498,5.64,East,Neighborhood,None,Spring,169.57
13.26,21.8,1614,8.9,South,Neighborhood,None,Spring,247.97
28.68,13.39,614,4.04,South,Flagship,None,Fall,223.29
29.31,17.73,1158,2.2,West,Neighborhood,Loyalty,Fall,392.64
9.63,10.39,1285,8.92,South,Neighborhood,Loyalty,Fall,400.76
34.72,18.02,1515,10.1,East,Neighborhood,Discount,Spring,645.45
26.59,15.8,1937,3.46,West,Flagship,Loyalty,Summer,595.5
33.2,16.89,1053,14.57,South,Neighborhood,Discount,Summer,406.97
11.26,12.42,1176,14.83,East,Outlet,Discount,Spring,655.27
11.07,8.36,1169,2.54,West,Flagship,None,Winter,473.68
20.81,17.01,1039,2.64,West,Flagship,Bundle,Summer,515.04
26.02,6.75,1244,2.75,North,Flagship,Loyalty,Fall,555.43
36.37,13.73,1747,5.1,West,Neighborhood,Bundle,Winter,540.56
27.65,18.76,926,4.2,South,Neighborhood,Discount,Winter,305.51
20.06,15.77,1593,1.77,South,Neighborhood,Bundle,Summer,568.5
13.79,22.79,634,2.82,South,Flagship,None,Winter,65.88
31.84,19.1,1147,0.64,West,Neighborhood,Loyalty,Winter,270.6
14.28,12.38,1252,0.79,South,Neighborhood,Discount,Summer,364.39
35.03,15.11,2154,1.46,South,Neighborhood,Discount,Summer,791.14
19.72,14.81,1276,18.38,East,Outlet,Discount,Winter,593.71
34.72,8.67,409,16.98,North,Flagship,Bundle,Fall,775.97
27.43,11.24,500,9.27,North,Neighborhood,None,Spring,393.28
20.9,12.76,1415,3.49,North,Neighborhood,Bundle,Winter,400.6
17.84,6.86,1676,1.43,North,Neighborhood,None,Winter,112.13
19.27,15.19,1569,5.55,North,Neighborhood,Bundle,Fall,495.2
25.43,14.0,1475,7.62,North,Neighborhood,Loyalty,Winter,425.23
22.62,8.31,1923,3.05,East,Outlet,Loyalty,Winter,499.15
17.25,16.62,1157,7.34,North,Flagship,Discount,Spring,435.4
20.67,17.86,1803,2.03,South,Flagship,Discount,Spring,338.04
22.63,15.91,666,3.55,West,Neighborhood,None,Spring,279.4
4.97,13.7,993,4.61,South,Neighborhood,Bundle,Summer,276.25
25.67,17.37,587,17.3,East,Neighborhood,None,Summer,376.8
14.16,17.72,1276,2.79,North,Flagship,Discount,Spring,458.08
12.77,16.23,1379,7.59,North,Flagship,None,Spring,345.23
8.5,11.7,1451,2.43,North,Outlet,None,Summer,280.17
7.65,16.11,1428,2.15,North,Flagship,Bundle,Fall,309.65
11.16,19.78,983,3.04,South,Neighborhood,None,Winter,65.18
16.33,12.61,1314,5.69,North,Flagship,Bundle,Winter,429.39
37.63,23.39,726,15.8,North,Neighborhood,Discount,Spring,601.51
17.79,12.9,2013,3.43,North,Flagship,None,Fall,518.83
23.42,15.13,1263,10.15,South,Neighborhood,Discount,Summer,704.62
25.2,12.31,1180,17.85,North,Flagship,None,Spring,660.75
23.05,15.89,2115,6.72,South,Outlet,None,Fall,407.49
21.38,8.03,841,11.39,East,Flagship,Bundle,Fall,223.79
12.44,12.82,893,2.9,East,Neighborhood,None,Fall,323.84
33.61,10.63,907,7.45,North,Outlet,Loyalty,Summer,492.31
36.46,15.54,1369,8.8,West,Neighborhood,None,Summer,378.04
8.54,18.98,1594,1.69,East,Neighborhood,None,Winter,87.28
13.81,17.58,1733,2.66,North,Neighborhood,Bundle,Winter,281.86
19.76,5.51,2557,4.46,West,Neighborhood,Discount,Fall,832.59
14.28,23.17,388,3.11,West,Neighborhood,None,Fall,50.0
26.05,16.18,1674,4.86,North,Outlet,Discount,Summer,522.35
16.17,11.89,1149,1.47,South,Neighborhood,None,Winter,227.28
39.32,15.63,1136,16.74,West,Neighborhood,Loyalty,Fall,580.98
31.52,15.7,1121,10.85,East,Neighborhood,Discount,Winter,548.75
23.7,12.33,991,20.0,North,Neighborhood,Bundle,Winter,413.37
30.22,15.79,2158,1.89,North,Flagship,Loyalty,Fall,501.95
30.85,12.57,1779,7.65,South,Neighborhood,Discount,Summer,626.82
17.49,13.38,1410,3.14,South,Outlet,Loyalty,Fall,374.02
15.47,12.25,2008,2.14,East,Flagship,Discount,Fall,687.39
22.63,9.27,719,10.45,South,Neighborhood,Loyalty,Winter,175.85
28.89,15.58,801,5.83,South,Flagship,None,Fall,271.23
23.11,17.34,420,4.23,East,Neighborhood,Bundle,Summer,224.46
9.38,17.06,1085,6.86,North,Flagship,Discount,Fall,177.12
15.58,18.28,1473,2.76,South,Neighborhood,Discount,Summer,484.32
21.41,16.3,1446,2.69,East,Outlet,Bundle,Summer,530.52
21.39,12.87,1467,3.23,West,Neighborhood,Bundle,Winter,466.12
37.78,18.36,765,11.85,East,Neighborhood,None,Spring,371.35
10.91,9.57,1761,11.22,East,Outlet,None,Spring,321.37
26.04,11.4,1508,1.81,North,Outlet,Bundle,Winter,444.0
33.91,11.14,1730,16.28,South,Flagship,Bundle,Fall,893.56
40.17,19.32,548,5.47,East,Neighborhood,Loyalty,Winter,286.6
18.76,18.77,1540,7.57,North,Flagship,Bundle,Summer,573.34
25.93,16.95,866,3.14,South,Outlet,Loyalty,Spring,308.25
26.56,19.29,1221,5.69,South,Outlet,Bundle,Winter,189.77
23.56,11.48,1640,2.13,North,Neighborhood,None,Fall,241.56
21.21,16.39,1441,2.97,South,Outlet,None,Winter,168.27
25.49,14.5,1017,9.88,North,Neighborhood,Bundle,Spring,562.51
2.0,18.39,1403,10.03,South,Neighborhood,Bundle,Winter,167.76
27.46,14.54,711,7.81,North,Flagship,None,Winter,381.29
23.01,13.46,1918,4.02,West,Outlet,Discount,Spring,479.64
20.22,17.16,1308,1.78,East,Flagship,Loyalty,Summer,566.39
38.37,18.5,1903,12.8,East,Outlet,Discount,Summer,644.35
16.6,12.33,1163,10.53,West,Outlet,Discount,Spring,469.55
18.78,14.76,1164,0.94,South,Neighborhood,Discount,Winter,316.65
37.93,10.77,1056,10.15,North,Flagship,None,Spring,458.8
15.34,5.01,1794,4.22,East,Neighborhood,Discount,Summer,798.06
17.6,15.8,1081,9.0,East,Neighborhood,Discount,Fall,343.06
20.82,17.44,1690,1.49,East,Neighborhood,None,Winter,130.16
28.73,16.05,1228,3.28,South,Flagship,Bundle,Summer,512.44
23.66,7.2,511,6.0,North,Outlet,Discount,Winter,439.66
11.66,13.6,1143,16.74,South,Neighborhood,Loyalty,Spring,604.56
17.74,6.13,869,6.01,South,Neighborhood,Loyalty,Fall,487.91
17.14,20.48,1415,11.54,East,Neighborhood,None,Spring,229.25
21.38,10.66,864,6.61,East,Neighborhood,Bundle,Fall,353.01
25.41,20.02,1817,6.44,South,Neighborhood,Discount,Winter,261.5
25.35,18.78,1359,8.1,West,Neighborhood,Loyalty,Winter,269.91
7.79,11.4,1320,5.36,East,Outlet,None,Spring,236.86
30.51,10.47,1695,9.72,North,Neighborhood,Bundle,Fall,787.35
24.02,16.4,1834,2.27,North,Outlet,Bundle,Fall,624.59
33.08,11.62,1391,5.39,North,Outlet,None,Winter,394.99
25.55,15.41,1053,17.66,North,Flagship,None,Spring,369.86
30.81,13.07,602,11.85,North,Outlet,Bundle,Fall,516.34
25.73,7.88,1091,7.02,North,Flagship,Bundle,Winter,537.74
32.77,6.08,1122,10.79,South,Outlet,Discount,Summer,857.23
26.18,15.91,1448,14.74,North,Neighborhood,Bundle,Spring,513.53
21.22,12.75,1245,0.81,West,Outlet,Discount,Summer,515.22
40.18,12.79,1710,4.54,North,Outlet,Bundle,Spring,422.47
29.11,17.78,1124,3.27,East,Outlet,None,Winter,230.65
26.59,19.69,1374,1.59,South,Outlet,Loyalty,Fall,443.55
11.79,13.91,1933,19.29,West,Neighborhood,None,Fall,314.27
11.69,13.64,1554,8.37,North,Flagship,Discount,Fall,404.74
24.34,17.0,1373,10.54,South,Neighborhood,None,Spring,370.62
23.16,9.57,1129,3.39,West,Flagship,None,Winter,252.29
17.09,15.89,1115,4.47,West,Neighborhood,Discount,Summer,535.34
23.13,17.21,1017,5.58,West,Neighborhood,None,Winter,182.57
34.71,17.72,1157,7.4,South,Outlet,Loyalty,Summer,424.57
27.56,7.25,1740,9.47,North,Neighborhood,None,Spring,445.27
12.87,11.95,1300,9.07,East,Outlet,Discount,Spring,436.49
21.11,11.49,793,4.7,West,Flagship,Discount,Summer,764.7
15.56,15.4,2196,15.11,East,Outlet,None,Summer,557.75
18.9,16.92,1544,13.18,East,Outlet,None,Summer,323.95
18.69,20.99,767,6.88,South,Neighborhood,Discount,Winter,351.86
18.18,13.02,1201,5.73,West,Neighborhood,Discount,Summer,476.87
11.96,13.01,1450,4.43,North,Outlet,Discount,Spring,518.47
20.98,19.6,2167,7.43,South,Flagship,Discount,Spring,583.18
17.52,16.19,901,12.73,South,Neighborhood,Discount,Fall,101.0
2.0,20.07,1839,5.83,East,Neighborhood,None,Summer,115.21
38.42,16.15,2030,3.61,North,Flagship,Discount,Winter,723.0
30.71,10.37,1117,5.73,North,Neighborhood,Loyalty,Winter,477.11
18.99,9.67,1275,6.97,East,Flagship,Discount,Winter,421.74
22.15,8.79,934,2.13,South,Flagship,Bundle,Fall,442.45
12.63,17.65,1308,1.66,East,Flagship,Discount,Spring,160.73
35.57,19.75,1384,3.69,North,Outlet,Bundle,Winter,456.75
37.18,22.4,1697,15.09,South,Neighborhood,Bundle,Spring,727.51
23.25,18.37,1891,12.26,East,Outlet,Discount,Fall,642.34
30.19,19.65,1063,1.31,North,Neighborhood,Loyalty,Summer,623.05
23.4,12.68,515,2.58,South,Neighborhood,None,Summer,330.54
11.31,10.37,1390,9.37,North,Neighborhood,None,Summer,488.27
18.71,18.4,1532,4.07,North,Neighborhood,Bundle,Winter,532.86
23.06,16.67,1512,7.71,West,Flagship,Loyalty,Summer,554.62
18.36,15.43,1253,1.39,South,Neighborhood,None,Winter,161.27
20.25,16.55,1456,5.65,West,Flagship,None,Fall,452.68
21.27,16.29,2082,5.23,South,Neighborhood,None,Fall,500.76
21.35,20.14,1572,10.58,East,Neighborhood,None,Winter,220.51
22.42,20.18,1232,7.4,West,Flagship,Bundle,Spring,355.24
13.52,17.18,1175,6.21,East,Flagship,Discount,Summer,425.1
16.26,18.38,1324,1.09,South,Outlet,Discount,Summer,462.26
11.72,17.06,2137,18.03,South,Neighborhood,Discount,Summer,590.77
29.82,13.16,1318,8.91,South,Flagship,None,Winter,220.07
5.15,18.03,1391,3.16,West,Outlet,None,Fall,336.59
31.23,9.42,1183,6.09,West,Flagship,Bundle,Summer,632.42
33.09,19.22,1895,4.17,West,Neighborhood,Loyalty,Fall,489.11
19.58,10.22,2282,4.8,North,Outlet,Loyalty,Summer,555.93
2.0,16.14,1603,12.14,East,Flagship,None,Summer,507.04
19.11,11.62,1437,2.57,West,Flagship,Loyalty,Winter,443.34
21.49,17.21,1417,9.17,North,Flagship,Bundle,Spring,401.17
13.92,14.86,327,12.48,North,Neighborhood,Bundle,Winter,325.26
17.88,8.62,1735,8.22,East,Flagship,Discount,Summer,767.04
34.24,16.68,1460,4.98,East,Neighborhood,Discount,Summer,601.24
27.32,12.69,1593,2.97,West,Flagship,Discount,Spring,692.78
14.6,18.52,1080,3.33,North,Neighborhood,None,Fall,141.8
9.22,15.01,1227,6.19,West,Outlet,None,Fall,181.82
19.38,16.58,1215,5.82,North,Outlet,None,Summer,167.51
20.29,11.17,1860,9.95,North,Neighborhood,Discount,Fall,500.09
25.97,12.64,1230,1.49,North,Neighborhood,Bundle,Summer,705.55
17.72,13.17,2337,12.04,West,Neighborhood,Discount,Spring,751.48
26.09,18.43,1594,20.0,East,Neighborhood,None,Spring,400.73
37.48,21.71,826,5.34,East,Neighborhood,Loyalty,Summer,557.52
28.52,11.78,1342,4.75,South,Flagship,Loyalty,Spring,474.1
21.62,19.31,1107,5.09,West,Outlet,Bundle,Winter,323.27
20.53,6.32,413,6.03,South,Neighborhood,Loyalty,Winter,353.18
19.15,10.22,2120,4.47,West,Flagship,Discount,Spring,642.44
31.45,11.16,1716,0.82,South,Neighborhood,Loyalty,Summer,545.72
16.98,9.59,1640,5.01,South,Neighborhood,None,Summer,527.94
22.36,8.67,1474,6.3,South,Outlet,Discount,Spring,551.61
22.41,16.65,778,12.9,South,Neighborhood,None,Fall,309.02
17.99,14.14,1182,2.54,East,Outlet,None,Winter,311.34
11.02,16.52,1779,16.3,East,Flagship,None,Fall,391.06
24.58,17.76,927,4.23,North,Neighborhood,Bundle,Summer,356.82
21.51,16.06,261,2.81,West,Neighborhood,Bundle,Summer,206.96
26.0,17.63,1298,8.92,South,Flagship,Discount,Fall,511.48
17.73,14.72,1336,3.86,East,Neighborhood,None,Spring,260.94
31.77,10.25,1461,5.42,West,Outlet,Loyalty,Fall,562.88
14.99,19.23,1728,5.7,East,Flagship,Bundle,Fall,406.74
35.7,12.64,1687,8.57,North,Neighborhood,Discount,Winter,855.3
8.02,11.26,1516,5.3,West,Flagship,Bundle,Winter,233.82
25.48,14.29,1938,4.88,East,Flagship,None,Fall,284.3
25.8,11.35,716,4.15,South,Flagship,Discount,Fall,526.78
15.64,13.33,1627,7.99,North,Outlet,Loyalty,Summer,448.85
25.4,16.38,1682,3.7,West,Outlet,None,Winter,346.07
32.24,16.39,842,13.18,East,Outlet,Discount,Winter,528.26
4.27,11.41,724,5.74,East,Neighborhood,Loyalty,Summer,329.84
26.02,13.05,1064,1.15,West,Flagship,Bundle,Spring,356.86
2.05,19.3,1102,6.97,West,Neighborhood,None,Winter,50.0
14.27,16.99,1739,7.79,North,Neighborhood,None,Winter,297.47
35.03,23.3,1123,13.28,South,Outlet,None,Spring,372.88
17.35,19.72,1015,3.09,North,Flagship,Bundle,Winter,491.12
12.61,19.58,1125,2.72,East,Neighborhood,Discount,Winter,317.33
20.42,9.45,1903,8.77,North,Flagship,None,Spring,529.74
38.54,18.06,1406,11.88,East,Neighborhood,Loyalty,Spring,400.06
7.35,14.79,1319,2.99,West,Neighborhood,Discount,Fall,246.31
13.59,12.8,1350,6.79,West,Neighborhood,None,Summer,305.07
33.98,15.67,1981,5.37,South,Neighborhood,Discount,Summer,730.6
36.86,18.78,1063,3.07,West,Neighborhood,Bundle,Spring,484.71
21.17,17.0,1992,5.14,North,Neighborhood,None,Spring,261.67
12.09,11.49,1495,11.33,West,Outlet,None,Winter,246.29
38.77,17.97,1328,5.76,North,Outlet,Loyalty,Fall,570.0
34.76,12.45,2525,4.94,South,Outlet,Discount,Fall,755.49
27.43,15.87,925,8.46,West,Outlet,Discount,Spring,537.41
15.5,13.79,1241,12.01,North,Neighborhood,Discount,Winter,433.08
21.61,14.12,845,2.5,North,Neighborhood,None,Winter,374.12
20.72,18.06,1829,6.99,East,Neighborhood,None,Summer,430.16
24.65,10.84,2160,4.25,East,Neighborhood,Discount,Summer,682.24
33.61,22.78,2151,5.78,East,Outlet,None,Winter,281.21
29.04,7.72,1951,8.91,East,Flagship,None,Summer,698.99
13.38,12.61,1311,4.52,East,Outlet,Loyalty,Spring,105.77
33.01,16.48,1236,5.27,South,Neighborhood,Loyalty,Winter,336.83
24.51,17.34,648,10.72,South,Neighborhood,Bundle,Summer,368.82
27.5,14.6,2316,7.66,North,Neighborhood,Loyalty,Fall,478.48
33.73,14.77,1611,5.18,West,Outlet,None,Winter,274.72
13.11,16.64,1179,6.19,East,Neighborhood,Loyalty,Winter,299.63
21.71,14.08,1998,5.87,South,Neighborhood,None,Fall,410.86
17.75,20.57,962,1.06,South,Flagship,Loyalty,Spring,236.71
9.46,18.36,1583,6.27,West,Neighborhood,Loyalty,Fall,320.2
24.77,18.49,1322,1.84,North,Flagship,Bundle,Winter,410.97
42.09,11.14,1687,11.79,East,Neighborhood,Loyalty,Spring,713.37
7.28,14.68,1371,1.8,East,Neighborhood,Discount,Summer,340.15
21.74,13.8,747,4.09,East,Neighborhood,None,Summer,164.43
27.12,10.98,1434,3.51,North,Flagship,Discount,Summer,845.04
22.98,16.44,1872,14.7,West,Flagship,Discount,Winter,588.67
21.09,12.85,1387,11.47,West,Neighborhood,None,Fall,343.2
11.61,17.62,1749,0.5,East,Flagship,Bundle,Spring,231.88
23.86,10.72,930,5.55,East,Flagship,Loyalty,Summer,550.95
15.95,21.88,1388,2.15,West,Flagship,None,Spring,223.23
4.48,11.41,1119,6.28,East,Outlet,Bundle,Winter,335.59
31.56,15.88,1736,8.78,North,Neighborhood,Loyalty,Summer,561.17
29.67,18.17,1414,6.67,East,Neighborhood,Loyalty,Winter,302.21
22.41,12.72,1711,9.14,East,Neighborhood,Loyalty,Fall,581.61
23.83,18.41,1889,4.61,South,Neighborhood,Discount,Winter,510.1
30.59,10.08,1711,6.82,East,Outlet,Loyalty,Winter,520.36
23.79,20.81,1523,8.92,West,Neighborhood,Bundle,Fall,529.48
29.23,15.06,951,3.97,West,Flagship,None,Spring,336.94
19.62,12.61,1399,2.78,South,Flagship,Discount,Fall,513.74
32.5,13.8,1160,3.36,North,Flagship,Bundle,Fall,669.21
24.57,18.24,1245,5.13,West,Neighborhood,None,Winter,307.71
23.55,12.66,1231,5.66,West,Outlet,Bundle,Spring,458.86
11.84,12.0,959,7.09,North,Neighborhood,Bundle,Summer,517.1
24.3,14.11,519,3.09,West,Flagship,None,Fall,76.89
15.34,10.29,1099,9.1,West,Flagship,Discount,Spring,690.56
16.89,22.28,1487,16.86,East,Outlet,Bundle,Fall,278.91
15.48,12.73,793,3.53,East,Neighborhood,Discount,Fall,301.71
13.47,18.33,1407,20.0,South,Outlet,None,Fall,280.52
39.0,15.84,2255,18.3,North,Neighborhood,None,Fall,547.78
32.65,11.06,1860,5.65,South,Neighborhood,Discount,Winter,674.73
37.36,14.98,2140,5.02,West,Flagship,Loyalty,Spring,519.75
12.22,18.14,1576,3.32,North,Flagship,None,Spring,290.37
22.57,14.25,1925,10.0,South,Neighborhood,Bundle,Spring,453.73
11.65,19.77,1074,5.93,South,Outlet,None,Fall,182.03
16.43,19.09,1110,6.38,East,Neighborhood,Discount,Winter,292.6
14.65,18.68,250,2.83,West,Neighborhood,Loyalty,Fall,177.08
31.92,13.16,1934,10.19,South,Flagship,Bundle,Fall,599.57
18.83,10.68,2093,4.72,South,Outlet,None,Spring,351.72
30.55,12.55,1151,2.29,East,Outlet,Discount,Fall,568.6
26.83,15.78,1286,5.33,South,Neighborhood,None,Summer,435.04
40.43,17.18,1061,2.99,North,Outlet,Discount,Fall,509.92
10.16,6.31,1572,13.29,South,Neighborhood,Bundle,Summer,461.05
32.07,14.97,1906,18.15,North,Neighborhood,None,Fall,573.15
31.17,15.63,616,5.44,North,Neighborhood,None,Winter,239.41
14.21,13.89,1584,11.26,South,Outlet,Discount,Winter,438.17
30.06,20.17,1275,11.08,South,Neighborhood,Loyalty,Spring,303.73
24.69,16.69,1451,0.5,West,Flagship,Loyalty,Fall,284.64
20.18,20.24,1607,3.36,South,Neighborhood,None,Summer,264.87
15.41,14.14,1315,6.12,East,Outlet,Bundle,Summer,366.34
16.25,18.75,1353,4.05,East,Flagship,Discount,Fall,392.36
38.4,21.54,1304,3.15,North,Neighborhood,Discount,Summer,537.22
22.01,20.25,1837,11.57,East,Neighborhood,Bundle,Winter,487.08
28.26,10.63,1588,3.93,North,Neighborhood,Loyalty,Summer,577.0
15.67,13.99,1499,7.11,West,Neighborhood,Loyalty,Spring,397.97
15.76,13.62,828,10.92,North,Outlet,Discount,Winter,368.98
30.66,16.96,1230,13.79,South,Flagship,Discount,Winter,513.84
11.2,17.75,1804,2.3,North,Flagship,Bundle,Winter,318.61
18.68,11.64,1417,2.49,West,Flagship,None,Fall,451.56
22.27,15.27,1697,6.57,East,Outlet,Discount,Fall,460.51
22.89,6.92,2195,0.81,East,Neighborhood,Discount,Winter,750.35
20.57,20.77,1867,2.59,North,Neighborhood,Bundle,Fall,438.02
25.17,12.95,1442,12.4,East,Outlet,None,Summer,339.96
27.54,15.22,1170,8.63,North,Outlet,None,Fall,385.33
27.88,13.76,251,5.13,West,Outlet,Loyalty,Fall,262.24
14.11,19.58,1324,7.78,North,Outlet,None,Winter,267.22
19.73,5.0,1253,9.03,North,Neighborhood,Discount,Spring,833.68
31.56,14.93,1576,1.64,North,Outlet,None,Spring,315.08
29.16,14.58,1331,3.87,South,Neighborhood,None,Spring,340.93
11.02,13.19,1256,13.49,East,Outlet,None,Summer,170.3
24.81,21.9,599,6.65,North,Neighborhood,None,Fall,262.81
6.17,11.45,977,6.93,West,Outlet,Loyalty,Spring,155.75
22.38,18.09,1614,5.45,South,Neighborhood,None,Winter,179.44
37.18,16.43,2172,1.07,East,Flagship,Loyalty,Spring,466.63
14.42,20.05,1356,3.48,South,Neighborhood,Discount,Spring,361.12
15.33,12.33,1548,7.46,South,Outlet,Discount,Fall,530.45
28.11,12.07,1829,3.95,East,Outlet,Discount,Fall,624.57
9.66,19.38,1035,2.38,North,Flagship,Discount,Fall,200.09
16.94,16.7,1565,2.66,North,Flagship,Bundle,Summer,636.12
26.77,8.82,1067,13.67,West,Flagship,None,Summer,488.46
16.93,12.84,1789,3.78,West,Neighborhood,Discount,Spring,301.35
20.11,16.55,1468,11.95,South,Outlet,Loyalty,Fall,436.21
27.95,18.35,1534,6.95,South,Flagship,Loyalty,Spring,323.91
25.37,12.28,1048,4.71,East,Neighborhood,Loyalty,Winter,459.31
24.13,5.0,1718,3.03,South,Outlet,Discount,Winter,550.56
19.29,17.09,2338,8.78,North,Neighborhood,Bundle,Fall,614.14
24.96,10.12,946,11.02,North,Neighborhood,Discount,Fall,699.18
21.01,6.93,1247,9.35,East,Neighborhood,Discount,Winter,435.32
25.66,5.0,1504,1.81,East,Neighborhood,None,Fall,469.72
18.02,18.26,1754,3.77,North,Neighborhood,Discount,Summer,513.81
20.54,15.51,1148,4.14,North,Neighborhood,None,Summer,482.34
14.08,14.1,250,0.85,North,Neighborhood,Discount,Fall,203.18
21.72,20.56,2012,7.73,East,Outlet,Loyalty,Winter,338.31
15.51,17.55,1742,8.49,North,Neighborhood,None,Spring,362.15
13.09,21.47,616,8.29,North,Outlet,None,Fall,115.76
24.07,9.43,1127,7.39,West,Flagship,None,Fall,482.1
23.7,14.86,2106,4.41,North,Neighborhood,Loyalty,Spring,371.37
28.26,8.53,2052,2.93,East,Flagship,Discount,Fall,964.38
18.55,14.08,1822,4.4,North,Flagship,Discount,Spring,426.69
25.26,14.01,1321,6.99,North,Neighborhood,Loyalty,Winter,376.24
26.41,17.51,1437,12.68,North,Outlet,Loyalty,Summer,529.48
25.56,15.18,1341,5.93,East,Flagship,Discount,Winter,658.22
15.39,17.49,1908,5.78,West,Neighborhood,Bundle,Summer,376.41
23.19,17.81,1006,0.94,West,Outlet,Bundle,Spring,556.23
24.91,23.62,1037,7.31,South,Flagship,Bundle,Summer,472.72
22.06,13.74,1855,13.27,East,Neighborhood,None,Winter,407.34
5.31,11.24,1380,5.16,North,Neighborhood,Loyalty,Summer,252.5
23.28,15.98,2020,4.88,South,Neighborhood,Discount,Spring,565.28
39.7,11.79,1098,4.2,West,Flagship,None,Summer,420.52
19.12,20.93,1375,8.98,North,Neighborhood,Discount,Fall,554.61
16.18,13.87,985,0.89,North,Outlet,None,Winter,111.56
24.99,12.74,1403,11.96,North,Neighborhood,None,Fall,419.08
24.5,13.11,735,4.72,North,Flagship,Bundle,Spring,410.91
31.54,17.87,1181,7.4,North,Outlet,None,Summer,312.16
11.94,14.37,754,9.46,East,Flagship,Discount,Fall,415.82
27.85,12.43,1712,2.63,South,Neighborhood,Discount,Fall,617.66
26.72,21.66,1722,5.52,West,Flagship,None,Summer,536.94
20.86,11.58,621,4.64,West,Outlet,Loyalty,Summer,231.69
24.71,15.14,2000,2.12,South,Neighborhood,None,Winter,398.49
30.24,17.61,2524,10.97,South,Neighborhood,Discount,Fall,892.49
28.98,8.47,1421,4.37,South,Flagship,Discount,Fall,628.83
12.86,16.92,1111,2.04,East,Neighborhood,None,Spring,347.05
28.56,10.78,2671,5.76,South,Outlet,None,Winter,434.76
21.48,18.29,806,1.56,East,Outlet,Bundle,Spring,199.99
22.58,11.15,1409,3.95,South,Neighborhood,Loyalty,Fall,407.1
22.59,17.77,1481,6.89,East,Neighborhood,None,Spring,403.54
20.8,19.42,2005,1.4,South,Neighborhood,Bundle,Fall,355.9
31.53,18.45,1562,8.6,South,Outlet,Bundle,Fall,453.78
21.33,16.01,1176,5.98,West,Neighborhood,Loyalty,Spring,423.54
13.04,14.07,972,9.49,West,Neighborhood,Discount,Spring,358.65
18.85,12.69,1246,9.42,North,Neighborhood,Discount,Summer,598.03
23.43,20.88,947,3.84,West,Neighborhood,Discount,Summer,464.3
31.83,12.2,1422,3.92,South,Flagship,Bundle,Summer,662.23
26.82,10.85,1146,7.78,West,Neighborhood,Loyalty,Fall,459.97
15.2,17.66,728,2.29,West,Neighborhood,None,Spring,181.7
41.88,11.82,1965,2.3,South,Outlet,Discount,Winter,521.84
24.12,11.2,1176,3.43,North,Flagship,Loyalty,Fall,626.4
32.2,9.23,829,1.69,South,Neighborhood,Loyalty,Winter,334.69
20.79,13.07,1324,2.02,East,Neighborhood,Loyalty,Spring,487.43
26.27,14.67,1431,2.08,East,Neighborhood,Bundle,Fall,462.15
28.72,15.97,614,4.38,South,Flagship,Discount,Winter,405.99
31.75,18.81,1549,4.23,North,Neighborhood,Discount,Winter,455.11
30.46,17.11,929,10.45,West,Neighborhood,Bundle,Summer,423.4
28.98,14.24,2170,4.44,West,Neighborhood,None,Summer,384.12
19.48,14.21,1636,5.22,East,Neighborhood,Discount,Summer,453.05
17.43,17.04,1220,16.11,North,Neighborhood,Bundle,Fall,404.99
24.66,20.09,1065,0.52,South,Outlet,None,Spring,229.63
29.47,15.51,1353,6.44,North,Neighborhood,Bundle,Spring,599.96
20.22,13.12,1676,4.73,West,Outlet,Discount,Summer,546.18
30.52,11.03,1389,6.9,North,Neighborhood,Loyalty,Summer,514.83
33.62,9.22,1302,3.61,East,Flagship,None,Summer,411.89
14.67,17.67,1426,4.42,South,Flagship,None,Winter,228.49
15.3,17.31,1128,12.3,East,Neighborhood,Bundle,Summer,525.9
20.88,17.31,1246,7.71,East,Outlet,None,Winter,356.67
24.46,14.49,461,4.58,West,Neighborhood,Bundle,Spring,427.84
17.8,20.63,1838,2.99,North,Outlet,Bundle,Fall,504.31
32.82,13.06,1534,2.28,North,Neighborhood,None,Fall,578.54
25.39,18.82,1052,3.79,North,Neighborhood,Discount,Fall,482.28
22.32,14.85,2254,4.9,West,Flagship,Discount,Fall,705.04
10.51,12.57,1439,16.07,West,Neighborhood,Discount,Winter,353.88
11.47,17.37,934,6.11,East,Neighborhood,Loyalty,Winter,52.44
24.25,16.64,1786,3.29,East,Flagship,Loyalty,Summer,471.82
4.94,16.43,1579,0.52,East,Flagship,Bundle,Winter,196.07
30.1,15.33,1578,2.92,North,Neighborhood,Bundle,Summer,598.16
20.73,14.85,1208,3.79,West,Neighborhood,Discount,Summer,675.96
47.94,24.55,1603,6.54,South,Outlet,Loyalty,Fall,475.89
40.46,19.74,1282,3.9,South,Outlet,Bundle,Winter,527.42
20.55,17.89,1650,16.55,East,Neighborhood,Bundle,Winter,386.99
21.15,15.45,543,4.65,North,Neighborhood,Loyalty,Summer,315.44
29.96,19.03,1205,10.69,North,Neighborhood,None,Summer,276.38
35.63,17.07,2175,1.29,East,Outlet,Loyalty,Spring,466.51
8.9,15.1,1055,5.31,North,Flagship,None,Spring,265.41
7.71,13.79,1128,2.94,East,Neighborhood,Discount,Summer,318.48
17.02,14.68,1198,10.88,North,Outlet,Discount,Spring,526.12
26.66,5.0,853,4.1,South,Neighborhood,Loyalty,Spring,514.57
25.97,15.84,406,12.52,South,Neighborhood,Loyalty,Summer,310.11
30.56,13.05,1296,8.53,South,Neighborhood,Bundle,Summer,752.92
12.4,21.37,1461,3.7,East,Flagship,Bundle,Winter,243.47
3.47,15.08,1376,2.25,South,Neighborhood,Discount,Summer,340.64
28.86,10.24,1335,3.09,East,Neighborhood,Loyalty,Summer,517.42
15.37,14.8,1419,4.42,South,Flagship,Discount,Fall,482.03
5.85,10.82,1860,8.49,East,Flagship,Discount,Winter,465.29
23.16,16.89,1314,5.44,West,Outlet,None,Winter,290.11
28.35,16.16,1142,9.53,East,Neighborhood,Bundle,Winter,209.22
21.02,18.83,1273,13.15,North,Neighborhood,Bundle,Fall,450.61
18.34,11.84,1661,5.65,North,Neighborhood,Discount,Summer,703.84
20.73,15.14,2035,2.47,South,Outlet,None,Winter,335.16
19.04,9.54,1117,7.12,East,Neighborhood,Loyalty,Winter,421.78
11.22,17.81,1445,17.71,North,Neighborhood,None,Spring,128.21
16.28,17.08,1552,9.89,South,Outlet,Bundle,Winter,261.66
26.17,16.98,953,6.75,East,Outlet,Loyalty,Summer,456.89
24.57,15.01,1409,2.74,South,Flagship,Discount,Summer,588.85
23.34,16.66,740,4.77,West,Outlet,None,Spring,356.2
14.04,21.42,604,1.37,North,Neighborhood,Bundle,Winter,162.34
20.55,13.86,1565,2.13,North,Neighborhood,Loyalty,Winter,410.79
4.58,15.55,1227,7.22,East,Flagship,Discount,Winter,212.44
23.43,10.66,1491,1.09,South,Flagship,Loyalty,Fall,405.65
33.43,11.53,1392,4.26,East,Neighborhood,None,Winter,154.47
10.21,15.39,961,1.93,South,Neighborhood,Discount,Summer,316.27
17.31,19.42,1380,2.22,North,Neighborhood,Bundle,Summer,432.87
24.63,13.97,845,5.72,West,Neighborhood,Loyalty,Fall,336.78
32.02,14.06,2026,3.1,West,Outlet,None,Fall,325.42
18.41,13.37,790,1.6,East,Flagship,Loyalty,Winter,354.21
16.46,12.86,1312,3.6,South,Neighborhood,Discount,Spring,363.09
6.25,16.18,931,1.55,East,Flagship,Discount,Fall,276.31
22.83,9.01,1657,12.03,South,Outlet,None,Fall,614.63
38.34,20.12,1251,8.8,North,Neighborhood,Loyalty,Winter,216.34
24.22,12.34,1167,8.78,West,Outlet,None,Winter,256.62
21.82,17.89,1784,2.86,North,Flagship,Discount,Fall,520.56
24.58,9.92,1413,7.39,West,Flagship,None,Spring,610.72
21.91,17.68,1632,6.32,South,Neighborhood,Loyalty,Fall,241.33
