SongID,Genre,ReleaseMonth,ReleaseDayOfWeek,Explicit,MajorLabel,Collaboration,MusicVideo,ArtistFollowers_K,PlaylistPlacements,TikTokMentions_K,SongLengthSec,PriorArtistPopularity,RadioSpins_K,MonthlyStreams_M,PopularityScore
SNG0001,Hip-Hop,Dec,Tue,0,1,0,0,73.5,14,8.4,212,69.9,8.9,53.82,98.5
SNG0002,Indie,Aug,Mon,0,0,1,0,52.6,22,4.9,236,68.8,3.8,41.33,100
SNG0003,Latin,Mar,Fri,0,0,0,1,375,12,7.7,202,33.6,38.7,35.55,90.3
SNG0004,Rock,Aug,Wed,1,0,1,0,33.3,19,10.2,171,60.5,6.9,42.78,94.7
SNG0005,Pop,May,Mon,1,0,0,0,134.5,14,2.3,234,84.2,11,36.59,94.3
SNG0006,Pop,Jan,Fri,0,1,0,0,95.8,17,11.8,173,18.7,5.1,23.65,71.1
SNG0007,Pop,Jul,Fri,1,1,0,0,78.3,14,2,263,75.4,3.1,43.11,100
SNG0008,EDM,May,Tue,0,0,1,1,187.9,24,9.2,223,86.8,14.5,45.97,100
SNG0009,Rock,Jun,Fri,0,1,1,0,82.2,18,2,186,31.3,2.7,21.19,63.9
SNG0010,Latin,Jun,Fri,1,0,1,0,42.8,22,32,240,45.9,10.8,38.59,100
SNG0011,Pop,Aug,Sun,0,0,1,1,81.8,19,10.9,205,67.3,10.9,42.79,91.5
SNG0012,Indie,Sep,Fri,0,0,0,0,58.7,22,1.3,198,42,3.7,25.21,83.7
SNG0013,Country,Feb,Wed,0,1,1,1,94.9,20,5.5,183,82.6,3.2,29.89,90.4
SNG0014,Pop,Sep,Fri,0,1,1,0,117.8,22,3.4,145,77.1,4.9,44.3,95.8
SNG0015,Pop,Dec,Fri,1,0,0,1,36.5,13,3.1,224,33.1,5.5,44.99,86.7
SNG0016,Pop,Nov,Wed,0,0,0,0,154,10,6.2,153,44.6,2.7,36.68,81.2
SNG0017,Hip-Hop,Oct,Sat,1,0,0,0,55.8,15,2.4,180,71.9,3.7,41.31,89
SNG0018,Rock,Sep,Fri,0,0,1,0,91,15,10.9,219,71.2,9.6,37.83,100
SNG0019,R&B,Oct,Sun,0,1,1,0,102.7,14,10.3,189,97.9,44.3,49.68,100
SNG0020,Hip-Hop,Oct,Fri,0,1,1,1,86.2,22,7.5,210,42.2,20.2,32.71,90.5
SNG0021,Rock,Jul,Fri,1,1,1,0,61.8,15,5.4,166,84.3,10.3,46.79,87.9
SNG0022,Pop,Jan,Fri,0,1,1,1,47.4,16,9.9,194,41.5,22.3,44.72,100
SNG0023,Hip-Hop,Jul,Fri,1,0,1,1,55.2,18,11.2,210,67,22.7,42.14,100
SNG0024,Hip-Hop,Oct,Fri,1,0,0,0,199.5,21,8.2,175,74.1,7.1,65.43,100
SNG0025,R&B,May,Sat,0,1,0,0,36.4,18,1.7,259,5,11.1,27.19,68.3
SNG0026,Country,Jun,Fri,1,1,0,1,40.3,11,2.7,185,74.4,19.7,46.48,91.1
SNG0027,Pop,Oct,Sat,1,1,0,1,39.1,13,4.3,249,82.9,22,34.3,82.4
SNG0028,R&B,Jul,Sat,1,0,1,0,73.3,16,1.5,200,77.7,22.2,24.33,79.1
SNG0029,Rock,May,Sun,0,1,0,0,22.9,11,6.7,155,95,4,44.37,88.6
SNG0030,Pop,Jul,Fri,0,1,0,0,25.9,14,19.5,169,75.4,23.1,65.26,100
SNG0031,Rock,Sep,Fri,0,1,0,0,55.6,20,16.9,211,48.3,39.9,32,83.8
SNG0032,Pop,Mar,Tue,0,1,0,1,27.1,15,10.7,238,80.3,29.8,35.52,100
SNG0033,Pop,Aug,Fri,0,0,0,1,28.7,21,10.5,262,47.3,3.8,47.56,89.6
SNG0034,Indie,Feb,Thu,1,1,0,1,27.2,18,40.2,209,59.5,3.1,25.48,60.7
SNG0035,Indie,Nov,Thu,0,1,0,0,36.9,19,11.7,167,73,13.1,41.14,95.9
SNG0036,Country,Jul,Wed,1,1,0,0,111.3,14,12.6,214,66.1,29.4,43.67,100
SNG0037,Hip-Hop,Feb,Sat,1,1,0,1,130.2,25,1.5,179,82.3,10.8,50.47,96
SNG0038,Pop,Apr,Sat,1,0,0,0,255.5,21,18.2,218,99,7.5,59.05,100
SNG0039,Latin,Jul,Fri,0,1,0,0,249,17,7.8,175,37.5,8.4,29.98,98.5
SNG0040,R&B,Mar,Fri,1,1,0,0,115.6,19,5.1,138,52.1,20.4,49.01,99.2
SNG0041,Pop,Feb,Fri,0,0,0,1,136.9,22,4.1,247,63.7,7,35.93,74.3
SNG0042,R&B,Nov,Fri,0,1,0,0,73.1,16,3.3,198,49.7,13.3,37.37,81.2
SNG0043,Pop,Oct,Fri,1,0,1,0,96,12,17,207,56.6,8.1,43.77,100
SNG0044,EDM,Jul,Thu,0,1,0,1,260,22,5.3,237,72,4.4,24.36,77.4
SNG0045,Hip-Hop,Jan,Thu,0,1,0,1,86.5,19,3.5,265,69.6,4.2,42.22,91.1
SNG0046,Latin,Aug,Fri,0,0,0,0,149.5,18,2.7,228,62.5,13.7,36.92,100
SNG0047,Hip-Hop,Mar,Fri,0,0,0,1,34.7,18,6.4,208,60.7,1,41.34,100
SNG0048,Rock,Dec,Fri,0,0,0,0,41.8,13,4,220,54,13.2,38.95,89.2
SNG0049,Rock,Dec,Sun,0,1,0,0,83,21,3.2,196,83.3,7.9,51.37,100
SNG0050,Pop,Feb,Tue,1,1,0,1,74.1,22,1.6,206,87.9,19.2,47.92,91.7
SNG0051,Indie,Mar,Thu,1,1,0,0,43.2,17,13,210,76.3,14.6,40.19,89.8
SNG0052,Country,May,Fri,0,1,0,0,359.7,20,4.8,180,37.3,9.4,33.94,60.6
SNG0053,Indie,Nov,Mon,0,0,1,1,75.2,20,2.1,206,53.3,3.8,35.56,90.7
SNG0054,EDM,Aug,Thu,0,1,0,1,48.9,17,4.3,217,61.6,4,44.35,100
SNG0055,Rock,Oct,Thu,0,1,1,0,74.2,12,9,222,41.1,5.4,25.98,71.8
SNG0056,EDM,Jul,Fri,1,0,0,0,67.9,19,5.6,219,59.4,18.1,27.51,83.2
SNG0057,Pop,Jul,Thu,0,1,0,0,76.1,15,6.5,162,58.4,37.2,40.77,99.1
SNG0058,Pop,Dec,Fri,0,0,0,0,21.9,18,5.7,244,77.5,11.8,54.72,100
SNG0059,Pop,Jul,Fri,1,1,1,0,164.7,20,1.7,242,49,5.6,44.85,100
SNG0060,Hip-Hop,Aug,Tue,1,1,0,0,171.4,22,12.9,202,78.9,6.1,57.72,100
SNG0061,Hip-Hop,Jan,Fri,1,0,0,1,186.6,18,1.2,220,40.8,6.4,39.66,85.7
SNG0062,Hip-Hop,Apr,Tue,0,1,0,0,83.7,15,8.3,198,43.3,20.7,41.56,71.9
SNG0063,Country,Jun,Sat,0,1,0,0,106,29,9.5,229,51.2,6.3,50.62,100
SNG0064,Hip-Hop,Sep,Sun,0,0,1,0,36.4,16,4.5,179,58.9,8.7,50,79.3
SNG0065,Hip-Hop,Feb,Thu,0,0,0,0,119.5,27,7.5,248,14.5,26.5,14.44,65.3
SNG0066,Rock,Jan,Sun,1,0,0,1,79.5,20,4.3,227,66.3,5.7,35.2,100
SNG0067,Pop,Oct,Sat,1,0,0,0,48.3,15,7.6,228,88.8,14.1,29.08,77.1
SNG0068,Country,Dec,Sun,1,1,0,1,122.2,14,13.4,202,69.7,18.5,43.42,85.4
SNG0069,Pop,Feb,Fri,1,0,0,1,125.5,21,2.7,160,54.2,9.5,34.14,66.5
SNG0070,Indie,Jul,Wed,0,0,0,1,69.6,19,10,233,38.5,43.1,38.77,69.4
SNG0071,Country,Mar,Sat,1,1,0,0,90.6,12,25.1,161,25.4,34.2,15.99,65.5
SNG0072,Pop,Oct,Wed,0,0,1,1,32.4,20,6.9,234,28.4,11.1,37.76,79.1
SNG0073,Pop,Feb,Wed,0,1,0,0,159.2,23,3.5,180,55.6,4.7,49.51,99.6
SNG0074,Country,Nov,Thu,0,1,1,0,35.5,22,42,154,95.9,4.9,43.47,100
SNG0075,Latin,Jul,Thu,0,0,0,0,40.7,21,5.9,205,9.1,10.7,33.86,85.5
SNG0076,Latin,Feb,Fri,0,1,0,0,69.7,20,6.7,243,70.6,3.8,48.06,100
SNG0077,Country,Mar,Fri,1,1,0,0,145.5,17,6.9,174,45.8,11.2,49.6,100
SNG0078,Pop,Nov,Sun,0,1,1,0,145.4,19,8.2,256,52,34.8,43.43,100
SNG0079,Hip-Hop,Jul,Tue,0,0,0,0,66.5,19,4,226,41.1,9.5,46.52,95.3
SNG0080,Pop,Apr,Sun,0,1,0,1,114.6,23,6.5,210,33.4,8.9,31.9,96.7
SNG0081,EDM,Jan,Sun,1,1,0,0,20.4,21,12.9,191,60.3,17.9,42.57,93.2
SNG0082,Rock,May,Mon,1,0,1,1,40.3,15,3.9,193,62.7,13.7,35.1,100
SNG0083,Hip-Hop,Dec,Thu,1,0,0,1,40.9,19,3.8,219,70,3.6,41.54,97.3
SNG0084,Pop,Sep,Sat,0,1,0,0,160.2,15,4.2,232,27.7,6.3,20.57,61
SNG0085,Hip-Hop,Aug,Fri,1,0,0,1,105.5,16,2,186,73.7,41.1,57.66,100
SNG0086,Hip-Hop,Dec,Fri,0,0,1,1,75.9,17,3,179,74.1,11.7,33.75,89.8
SNG0087,Latin,Sep,Fri,1,0,1,0,81.2,23,2.9,198,65.6,4,43,96.1
SNG0088,Rock,Oct,Fri,1,1,0,0,199.9,25,5.5,250,50.4,7.7,52.11,100
SNG0089,EDM,Sep,Mon,0,0,0,1,59.2,18,11.6,166,63.6,2.2,30.82,70.2
SNG0090,R&B,Jul,Fri,0,1,1,1,26.6,24,20.3,242,55.1,2,59.23,100
SNG0091,Pop,Apr,Mon,0,1,1,1,142.7,15,5.8,206,75.4,19.8,47.03,100
SNG0092,Latin,May,Fri,0,1,0,0,75.7,24,8.3,152,51.4,9,35.22,91.5
SNG0093,Country,Jan,Sat,0,0,1,1,130,16,6.8,190,59.9,13.7,21.54,77.1
SNG0094,Rock,Jan,Fri,1,1,0,0,64.6,13,0.8,225,26.7,22.8,37.35,77.8
SNG0095,Country,Mar,Sun,0,1,0,0,37.1,19,1.9,263,63.5,11.8,32.63,77.3
SNG0096,R&B,Aug,Fri,0,0,1,0,88.4,16,10.9,163,44.5,16.2,23.24,80.8
SNG0097,Rock,Feb,Fri,0,0,0,0,67.2,17,11.9,120,67.2,11.1,27.65,69.4
SNG0098,R&B,Apr,Fri,0,0,1,1,75.9,12,11.6,163,72.2,25.3,31.37,88
SNG0099,Pop,Feb,Sun,1,1,0,1,206.8,17,4.7,241,47,37.3,42.46,97.8
SNG0100,Pop,May,Fri,0,1,0,1,30.9,17,0.9,148,58.6,10.6,49.24,100
SNG0101,Pop,Sep,Tue,1,0,1,0,81.5,18,2.2,253,61.1,10.2,51.05,100
SNG0102,Rock,Jan,Sun,1,1,0,1,37.6,18,2.5,244,64.6,11.7,45.12,72.4
SNG0103,Hip-Hop,May,Fri,1,0,0,1,10.9,19,9.6,211,72.2,8.3,47.31,98.2
SNG0104,R&B,Sep,Mon,1,1,1,0,64.4,16,4,185,69.9,6.6,41.02,98.3
SNG0105,EDM,Jan,Fri,0,0,0,1,68.2,20,25.1,207,51.2,20.9,19.95,61
SNG0106,Hip-Hop,Sep,Sat,1,1,0,1,103.2,19,20.5,225,86.8,6.6,46.52,100
SNG0107,R&B,Aug,Fri,0,1,1,1,57.3,22,24.7,220,71.5,6.3,53.57,100
SNG0108,Latin,Apr,Thu,0,0,0,0,23.5,22,2.4,261,83.3,18.5,47.69,100
SNG0109,Hip-Hop,Dec,Sat,1,1,1,1,37.5,22,8.5,197,64.2,19.7,62.34,100
SNG0110,Pop,Nov,Fri,1,1,0,1,167.6,18,3.6,163,65.3,58.4,51.38,100
SNG0111,Hip-Hop,Oct,Fri,1,0,0,0,37.1,14,7.4,158,55.9,23.9,37.83,83.8
SNG0112,Pop,May,Tue,0,1,0,1,202,19,2.7,151,50,17.5,52.38,91.5
SNG0113,EDM,May,Wed,0,1,1,0,139.1,15,16.5,211,75.6,19.6,31.53,71.5
SNG0114,Country,Nov,Fri,1,1,0,1,53.4,15,2.7,198,62.8,8,48.4,86
SNG0115,Rock,Dec,Sat,0,1,0,1,40,20,0.9,206,55.6,14.2,44.26,90.7
SNG0116,EDM,Jun,Thu,1,1,0,1,138.9,10,34.1,188,39.6,14.7,55.95,72.5
SNG0117,Country,Jul,Thu,1,0,0,1,56.3,18,8.2,169,86,5.8,37.72,100
SNG0118,Pop,Aug,Mon,0,0,0,0,22.6,17,2.1,225,60,8.7,43.01,77.9
SNG0119,EDM,Aug,Fri,0,1,1,0,98.9,20,4.7,126,35.9,19.3,31.65,82.4
SNG0120,Rock,Nov,Mon,0,1,1,1,89.3,22,3.3,179,59.5,8.9,36.27,81.4
SNG0121,Country,Feb,Mon,0,0,0,0,147.9,27,5.5,230,54.4,14.7,40.06,95.8
SNG0122,EDM,Sep,Mon,1,0,0,0,85.2,20,11.3,176,53.6,18.5,23.7,55.8
SNG0123,Hip-Hop,Jul,Fri,0,1,0,0,45.4,16,9.8,218,68.4,17.8,37.89,96.3
SNG0124,Pop,Apr,Fri,1,0,0,0,162.2,22,6.9,179,54.4,36,56.76,100
SNG0125,Hip-Hop,Apr,Thu,0,0,1,1,173.6,19,5.5,190,52.5,5.7,39.18,85.6
SNG0126,R&B,Nov,Sun,1,1,1,1,78.5,22,14.5,223,82.5,33.6,48.36,100
SNG0127,Country,Aug,Wed,0,1,1,0,69.6,10,1,164,26.7,13.2,44.44,80.9
SNG0128,EDM,Apr,Thu,0,1,0,0,26.4,12,2.8,229,57.1,17.6,34.96,85
SNG0129,Pop,Jun,Sun,0,0,0,0,43.6,19,2.3,206,74.7,15.8,48.05,100
SNG0130,R&B,May,Fri,1,0,0,0,113.6,17,13.5,245,69.3,15.1,37.09,68.1
SNG0131,R&B,Mar,Fri,1,0,0,0,45.1,17,2.8,212,76.4,5.4,45.01,100
SNG0132,Hip-Hop,Oct,Tue,1,1,0,0,24.1,12,1.7,171,94.4,17.1,35.24,92.1
SNG0133,Pop,Nov,Sat,0,0,1,1,770.6,13,9,260,88.6,2.9,60.26,100
SNG0134,Hip-Hop,Feb,Fri,0,0,1,1,23.9,18,2.4,173,37.2,48.2,41.07,100
SNG0135,Indie,Sep,Sat,0,0,1,0,323.7,24,4,198,29,12.2,31.2,71.3
SNG0136,Hip-Hop,Oct,Wed,0,1,1,1,53.8,13,46.7,236,63.9,22.8,43.38,100
SNG0137,R&B,Sep,Fri,0,0,0,1,62.9,21,11.1,145,33.6,15.6,21.84,67.7
SNG0138,Latin,Jan,Fri,1,1,0,0,41.7,8,4.5,251,23.3,9.3,11.05,39.1
SNG0139,Hip-Hop,Oct,Sun,1,0,0,0,115.4,11,4.9,168,63.7,5.9,45.88,100
SNG0140,Indie,Mar,Mon,1,0,0,1,24.3,15,12.4,190,68.2,5,15.79,44.4
SNG0141,Indie,Aug,Sat,1,1,0,0,18.4,18,9.9,214,88.8,16.8,44.99,100
SNG0142,Hip-Hop,Jun,Thu,0,0,0,1,205.8,19,5.9,204,71.8,16.1,32.18,93.8
SNG0143,R&B,May,Fri,0,1,0,1,38,19,6,230,92.6,14.1,63.39,100
SNG0144,Hip-Hop,May,Thu,0,0,0,0,112.4,16,1.4,154,64.4,8.2,39.36,91.9
SNG0145,Hip-Hop,Jun,Fri,1,1,0,1,31.2,18,1.2,228,37.5,12.6,58.04,100
SNG0146,Pop,Jul,Thu,0,0,0,1,109.5,18,4.7,231,72.8,6.4,41.65,78.8
SNG0147,Rock,Jan,Thu,0,0,0,0,216.7,14,3.1,238,82,5.2,45.18,100
SNG0148,R&B,Sep,Mon,0,1,0,0,46.1,16,9.3,154,65,7.2,22.48,57.4
SNG0149,Pop,Mar,Tue,0,1,0,1,17.2,14,6.5,158,84.1,7.5,22.44,69.7
SNG0150,Hip-Hop,Apr,Sun,1,1,1,1,217.5,16,2.7,194,55.8,29.1,41.3,100
SNG0151,EDM,Oct,Sun,1,1,0,1,127.5,19,6.3,161,67.8,3,36.56,79
SNG0152,Hip-Hop,Jan,Fri,0,0,0,1,47.9,18,3.8,147,54.9,8.8,33.26,88
SNG0153,Pop,Nov,Thu,1,0,0,0,57.3,24,35.2,193,99,15,48.02,100
SNG0154,R&B,Oct,Thu,1,0,1,0,30.6,22,7.7,212,73.1,44.2,50.38,97.6
SNG0155,Indie,Mar,Fri,0,0,0,0,180.2,16,1.3,295,37.9,5.6,18.16,44.1
SNG0156,Hip-Hop,Feb,Sun,0,1,1,0,45.9,19,28.2,223,91.3,3.7,57.03,100
SNG0157,Latin,Feb,Fri,0,0,1,1,24.7,19,3.1,261,44.8,16.1,37.38,95.1
SNG0158,Country,Jan,Sat,0,0,1,1,77.4,12,2.3,204,58.2,10.3,31.22,83
SNG0159,Hip-Hop,Aug,Sun,1,1,0,1,36.5,14,37.7,223,66.4,7.6,51.49,100
SNG0160,Latin,Mar,Sat,0,1,0,1,32.4,23,7.5,200,67.9,12.8,27.98,100
SNG0161,Hip-Hop,Mar,Wed,1,1,0,0,49.3,17,10.3,291,66.7,18,37.33,76.6
SNG0162,Rock,Jun,Mon,0,0,0,0,70.8,15,10.6,183,37.6,16.3,28.25,62.4
SNG0163,Rock,Aug,Fri,0,0,0,0,25.4,10,4.5,187,66.8,11.5,50.07,100
SNG0164,Rock,Sep,Fri,0,0,1,1,175.8,26,3.3,230,77.8,25.9,49.47,100
SNG0165,Pop,Sep,Wed,0,1,1,0,107.1,17,3.8,212,77.3,10.6,59.53,100
SNG0166,Country,Apr,Thu,0,0,0,1,51.6,15,23.3,191,34.6,9.3,39.11,83.8
SNG0167,Hip-Hop,May,Fri,1,1,0,1,35.4,13,6.6,236,46.2,16,43.87,77.4
SNG0168,Pop,Feb,Fri,0,0,1,0,62.6,15,17.8,204,39.2,3.3,27.39,74.9
SNG0169,Pop,Nov,Thu,1,1,0,0,125.2,18,5.1,203,64.1,14.8,33.8,96
SNG0170,Rock,Sep,Fri,0,1,0,1,112.3,20,2.8,212,30.1,7.1,32.33,93.9
SNG0171,Latin,Aug,Fri,0,0,0,0,139.9,13,1.5,150,37.8,3.1,35.58,74
SNG0172,Pop,Mar,Fri,0,0,1,1,47.6,14,9.8,154,46,12.7,24.03,56
SNG0173,R&B,Nov,Tue,1,1,0,1,10,16,25.1,240,25.7,6.3,35.88,87.2
SNG0174,Hip-Hop,Dec,Fri,0,1,1,0,159.7,15,2.5,183,57.5,2.5,32.2,75.3
SNG0175,Latin,Sep,Fri,0,1,0,0,59.3,18,8.7,201,20.1,4.5,32.87,72.4
SNG0176,Pop,Mar,Mon,0,1,0,0,106.3,14,1.6,257,66.7,34.9,53.63,100
SNG0177,Latin,Sep,Fri,0,1,0,1,214.5,25,3.3,202,50.9,5.8,35.68,91.8
SNG0178,Hip-Hop,Feb,Thu,0,0,0,0,366.5,17,7,198,46.8,11.7,49.29,95.8
SNG0179,Indie,Dec,Thu,0,0,0,1,42.3,19,1.2,234,49.7,3.8,41.61,79.3
SNG0180,Pop,Oct,Fri,1,1,0,1,73.2,17,5.4,186,56.9,48.5,50.39,85.7
SNG0181,Hip-Hop,Sep,Thu,1,0,1,1,173.6,21,2.6,243,68.7,9.5,58.02,100
SNG0182,Pop,Aug,Thu,0,1,0,0,36.9,13,9.4,233,81.7,5.2,53.14,100
SNG0183,EDM,Sep,Sat,0,1,1,1,44.4,20,4.7,264,76.3,18.3,32.85,90.1
SNG0184,EDM,May,Tue,1,1,1,1,44.2,11,12.7,183,98.2,46.5,39.5,85.8
SNG0185,Hip-Hop,Nov,Sun,1,0,1,0,65.4,20,4.3,249,70.2,6.5,49.33,100
SNG0186,Latin,Nov,Fri,0,1,1,1,57.2,9,1.6,223,60.5,5.1,42.47,100
SNG0187,Country,Feb,Wed,1,1,0,1,44,22,1.4,163,49.8,56.6,30,75.7
SNG0188,Rock,Aug,Tue,0,1,0,1,33.9,20,1,122,50.4,8.2,18.18,69.4
SNG0189,Rock,Dec,Fri,0,1,1,0,117.7,12,9.7,179,67.7,7.5,45.37,100
SNG0190,Hip-Hop,Jun,Fri,1,1,1,1,170.1,13,54.7,214,40,1.6,43.66,100
SNG0191,Pop,Aug,Mon,0,0,1,0,188.3,19,8.1,219,62.1,8.8,58.14,100
SNG0192,EDM,Nov,Wed,1,0,0,1,47.6,19,24.7,203,57.7,3.1,26.82,64.2
SNG0193,EDM,May,Sat,1,0,0,1,121.2,16,15.2,203,44.9,5.8,33.1,67.8
SNG0194,Rock,Oct,Mon,0,1,0,0,78.7,17,3.4,201,39.1,1.8,27.01,61.1
SNG0195,Hip-Hop,Feb,Sat,0,1,1,0,44.7,20,17.1,238,99,24.2,60.4,100
SNG0196,Hip-Hop,Jun,Fri,0,1,0,1,111.5,16,3.6,159,32.9,2.8,44.52,100
SNG0197,Latin,May,Fri,0,1,0,0,43.3,18,3.6,214,56.8,1.9,37.06,98.9
SNG0198,EDM,Dec,Thu,1,0,0,0,51.2,21,4.5,179,80,4.4,48.27,100
SNG0199,EDM,Dec,Mon,0,1,0,0,25.4,22,4.7,176,67.5,24.5,37.96,69.2
SNG0200,Country,May,Sat,0,1,0,1,48.2,21,9.9,243,49.5,6.3,43.68,97.8
SNG0201,Latin,Jan,Tue,1,0,1,1,79.7,18,3,174,36.5,7,55.06,96.8
SNG0202,Pop,Feb,Thu,0,1,1,1,200,24,12.2,201,60.3,13.2,57.25,100
SNG0203,Pop,Aug,Fri,1,0,0,1,52.1,17,12,268,10.5,8,30.1,69.7
SNG0204,EDM,Mar,Wed,0,1,0,1,32.2,19,7.5,232,61.1,24.3,26.26,86.5
SNG0205,Rock,Oct,Fri,1,0,1,0,190.2,19,31.4,190,58.6,7.5,38.12,96.7
SNG0206,Pop,Mar,Sat,0,1,0,0,46.8,12,17.4,193,77.3,7.5,35.64,89.5
SNG0207,Pop,Aug,Fri,0,0,1,1,19.6,16,14.3,166,37.4,55.2,38.71,83.2
SNG0208,Latin,Aug,Sun,0,1,0,1,73.2,21,5.8,247,52.2,9.4,53.02,93.1
SNG0209,Pop,Feb,Sat,0,0,0,1,53.1,16,7.5,237,65.9,10.9,29.37,79.6
SNG0210,Pop,Aug,Thu,1,1,0,1,333.7,20,8.8,227,61.7,7.6,44.38,100
SNG0211,Rock,Nov,Thu,1,0,1,1,93,16,5.5,230,33.8,1.3,33.3,96
SNG0212,Latin,Jan,Fri,1,1,0,0,60.2,15,3.9,180,46.3,18.1,27.5,85.3
SNG0213,Latin,Jun,Fri,0,1,0,1,34.9,16,0.6,155,83.2,34.1,45.71,100
SNG0214,Hip-Hop,Aug,Thu,0,0,0,0,84,17,10.4,223,62.7,24.6,51.82,100
SNG0215,Latin,Mar,Sun,0,0,0,0,184.9,18,14,233,28,5.8,25.86,58.3
SNG0216,Hip-Hop,Aug,Fri,0,1,0,1,83,17,1.9,256,73.9,7.9,49.01,100
SNG0217,Hip-Hop,Dec,Thu,1,0,0,1,36.8,25,9.4,199,29.2,11.9,32.99,58.2
SNG0218,Latin,Jan,Fri,0,1,0,0,97.2,20,3.2,194,52.5,11.6,50.07,100
SNG0219,Latin,Nov,Thu,0,0,0,1,64.5,16,3.9,197,68.1,15.6,41.65,89.1
SNG0220,EDM,Nov,Sat,0,0,0,1,91.3,25,17.8,226,79.8,10.6,54.12,98.2
SNG0221,Latin,Sep,Fri,1,1,0,1,52,11,2.2,196,15.9,6.8,24.57,66.2
SNG0222,Rock,Nov,Mon,1,0,0,1,51.2,12,2.2,203,70.8,10.1,40.82,81.8
SNG0223,Pop,Sep,Wed,1,0,0,0,49.8,19,27.8,232,73.5,20.1,46.68,93
SNG0224,Hip-Hop,May,Sat,0,1,0,1,129,16,4.8,185,48,93,53.98,100
SNG0225,Hip-Hop,Oct,Fri,0,0,0,1,51.5,15,16.8,250,59.6,6.1,36.65,74.8
SNG0226,Hip-Hop,Apr,Sun,1,1,0,1,48.3,15,1.3,225,5,10.8,43.52,73.2
SNG0227,Indie,Nov,Mon,1,0,0,1,34.5,12,1.4,146,8.5,6.7,23.8,52.1
SNG0228,Hip-Hop,Jun,Thu,0,0,0,0,91.6,16,2.4,189,78,11.5,49.32,100
SNG0229,EDM,Dec,Wed,1,1,0,0,82.9,22,3.5,140,48.3,19.7,50.51,75.1
SNG0230,Rock,Jul,Fri,1,0,0,1,48.7,15,1.5,199,51.8,7.6,30.98,77.3
SNG0231,Country,May,Thu,1,0,1,0,40.6,16,7.6,189,62.2,1.8,32.3,81.3
SNG0232,R&B,Nov,Tue,1,0,0,1,248,16,8.1,232,51.4,20.5,22.37,72.1
SNG0233,Rock,Oct,Fri,0,1,0,0,17.9,19,2.4,177,49.7,10,37.26,74.9
SNG0234,R&B,Sep,Fri,0,1,0,0,94.2,13,2.6,217,65.1,6.9,33.59,59.1
SNG0235,Pop,Mar,Thu,0,0,0,0,164.7,22,3,223,31.1,5.7,33.5,93.7
SNG0236,Latin,Jul,Fri,1,1,1,1,10,19,1.9,213,78.9,11.6,62.74,100
SNG0237,Hip-Hop,Oct,Fri,1,1,0,0,116.3,16,0.5,241,53.9,5.2,44.93,84.3
SNG0238,Pop,Oct,Wed,1,0,0,1,57.2,16,5.1,271,39.9,5.7,28.64,87.8
SNG0239,Latin,Nov,Thu,0,1,0,0,79.8,15,3.7,209,37.5,3.3,36.61,84.4
SNG0240,Pop,May,Thu,1,0,0,1,53.2,15,4.1,218,58.8,5.2,21.72,74.9
SNG0241,Indie,Jul,Fri,1,0,0,0,141.6,19,2.2,177,52.5,14.9,46.05,79.3
SNG0242,Indie,Feb,Sat,1,0,0,0,86,20,11.4,172,30.1,3,34.89,75.3
SNG0243,EDM,Apr,Thu,1,1,1,1,73.1,14,48.6,238,47.2,22.7,54.14,84.1
SNG0244,Hip-Hop,Feb,Thu,1,1,0,1,35.5,20,2.6,234,43.4,3.5,43.36,100
SNG0245,Pop,Dec,Sat,0,1,0,0,249,9,19.3,172,80.7,10.2,29.96,96.9
SNG0246,EDM,Jul,Sun,0,0,0,1,67.2,17,7.6,163,60.3,13.3,45.51,100
SNG0247,R&B,Feb,Fri,0,1,0,0,331.2,25,5.7,184,86.2,17.5,54.3,100
SNG0248,Indie,Nov,Sun,0,0,0,0,257.1,18,4,200,45.2,17.5,26.78,61.1
SNG0249,Indie,Jan,Fri,1,0,0,0,19.2,26,5.1,192,52.8,8.4,43.82,100
SNG0250,EDM,Sep,Fri,1,0,0,0,42.2,22,15.4,210,65,7.9,29.78,66
SNG0251,Hip-Hop,Jan,Thu,0,1,0,0,32.3,16,2,234,68.9,14.5,43.34,91.4
SNG0252,Hip-Hop,Aug,Fri,0,1,1,0,64.5,24,4.3,220,71,11.3,43.31,100
SNG0253,EDM,Feb,Tue,1,0,0,1,76,13,16.8,222,42,6.8,21.9,64.3
SNG0254,Hip-Hop,Dec,Sat,0,1,0,0,78.3,9,13.3,127,42.5,12.1,52.48,95
SNG0255,Pop,Aug,Sun,0,1,0,1,139.5,20,2,153,51.6,7.9,41.46,94.4
SNG0256,Rock,Mar,Fri,0,1,0,0,189.7,16,4.6,180,84.7,5.6,44.36,100
SNG0257,Indie,Jun,Thu,0,0,0,0,131.3,14,10.5,185,40,6.7,26.09,81.3
SNG0258,Latin,Mar,Tue,0,0,0,0,45,20,9.9,232,48.5,13.3,35.18,70.1
SNG0259,Rock,Jul,Wed,0,0,0,1,38.6,25,13.2,177,71.1,4.3,53.16,100
SNG0260,Pop,Oct,Wed,0,0,0,1,66.8,16,7.7,226,70.2,21.9,53.6,100
SNG0261,Rock,Sep,Fri,1,1,1,1,89.9,13,9,180,68,5.8,40.74,94.7
SNG0262,Indie,Feb,Sun,0,0,0,0,58.7,20,7.5,167,59.5,1.5,38.65,77.4
SNG0263,Pop,Dec,Mon,1,1,0,1,26,15,22.7,168,38.8,14,47.98,100
SNG0264,R&B,Dec,Mon,0,0,0,1,107.5,11,3.7,277,45.6,1,25.02,74
SNG0265,EDM,May,Fri,0,1,1,0,50.7,18,5.7,179,78.3,4,53.49,92.5
SNG0266,Latin,Jun,Thu,1,1,0,0,49.6,22,2.2,227,71.9,62.7,54.82,100
SNG0267,Latin,Apr,Sat,0,1,0,0,64.2,25,1.8,155,34,21.1,40.6,83.7
SNG0268,Latin,Apr,Thu,0,1,1,1,56.4,23,7.3,250,73.7,19.7,47.58,100
SNG0269,Hip-Hop,Apr,Thu,1,0,0,0,51.6,14,2.9,216,81.6,3.7,42.4,82.4
SNG0270,Hip-Hop,Feb,Wed,1,1,0,1,27.2,15,5.2,214,59,7.8,36.4,69
SNG0271,Country,Apr,Tue,0,1,0,1,61.6,13,23.5,218,65.7,24.4,46.23,99.2
SNG0272,Country,Nov,Fri,0,1,1,0,109.1,17,22.3,222,76.2,15.1,30.61,94.9
SNG0273,EDM,Jan,Tue,1,0,1,0,80.3,20,40.5,231,45.5,22.4,30.64,84.5
SNG0274,EDM,Dec,Fri,0,1,1,1,129.5,15,23.9,186,99,37.5,58.31,100
SNG0275,R&B,Jun,Fri,1,0,1,0,40,19,47.6,184,80,15.3,52.1,100
SNG0276,R&B,Jan,Mon,1,1,1,0,27.3,20,8.1,207,67.4,3.4,35.98,74.1
SNG0277,Country,Oct,Mon,1,1,0,1,56.1,20,2.4,227,57.4,14.6,41.38,77.9
SNG0278,Latin,Jun,Fri,0,1,1,0,43.4,14,2.2,203,66.9,7.5,60.66,100
SNG0279,Latin,Jan,Fri,1,0,0,0,46.7,14,19.2,230,29.9,3.2,30.97,60.1
SNG0280,Country,Jun,Sun,0,0,0,0,77.3,20,5.7,225,95.5,18.5,47.79,100
SNG0281,EDM,Oct,Wed,0,1,0,0,46.9,17,6.1,198,78.3,23.6,35.4,80.2
SNG0282,Hip-Hop,Aug,Tue,0,0,0,0,27.8,15,3.3,149,84.4,8.4,53.63,100
SNG0283,Hip-Hop,Nov,Mon,1,0,1,0,45.1,17,3.7,189,58.6,11.7,46.79,77.3
SNG0284,Pop,Feb,Fri,0,1,0,0,84.6,13,7.7,261,51.5,1.7,38.28,76.1
SNG0285,Rock,Feb,Fri,0,0,0,0,106.7,13,2.1,216,45.9,22.2,15.34,50
SNG0286,Pop,Dec,Sat,0,1,0,1,106,15,6.9,185,72.6,17,42.19,100
SNG0287,R&B,Apr,Fri,1,0,1,0,89.8,10,21.3,213,48.8,11,38.49,82.6
SNG0288,Rock,Nov,Wed,1,1,0,0,59.3,23,0.8,227,54.6,3.3,33.61,99
SNG0289,Hip-Hop,Mar,Fri,1,1,0,0,88.5,21,1.4,185,67.8,2.4,50.38,100
SNG0290,Rock,Apr,Sun,0,1,0,0,64.7,23,10.1,245,46.1,45.7,36.93,76.2
SNG0291,Pop,Dec,Thu,0,0,0,1,72.2,14,18.7,221,76.8,4.1,46.62,100
SNG0292,Pop,Jul,Fri,1,0,0,1,34.6,15,3.5,170,57.7,10,39.12,100
SNG0293,Country,Nov,Sun,0,0,0,0,68.8,13,0.9,232,30.9,4.2,25.38,61.4
SNG0294,Hip-Hop,Jan,Fri,0,1,1,1,86.9,17,19.9,192,45.9,1.4,36.45,69.3
SNG0295,Pop,Jun,Fri,1,1,0,0,84.7,12,2.6,199,81.5,12.9,58.12,100
SNG0296,Rock,Mar,Wed,1,1,0,1,27.1,10,4,172,41.1,14.6,36.29,74.7
SNG0297,Country,Nov,Fri,1,1,0,1,71.3,18,7.3,225,74.1,2.4,56.56,100
SNG0298,Pop,Oct,Tue,1,1,0,1,24.3,24,3,200,60.2,21.9,40.64,90.8
SNG0299,Rock,Jul,Fri,1,0,0,0,75.3,18,2.5,227,54.9,5.9,44.71,95.6
SNG0300,Pop,Oct,Tue,0,0,0,0,40.8,23,2.5,187,99,3.8,39.29,79.4
SNG0301,Pop,Feb,Sat,0,1,0,0,220.1,12,29.1,184,34.9,3.6,21.76,77.7
SNG0302,Rock,Feb,Sat,1,0,1,0,72.5,20,15.5,181,44.7,18.1,40.54,88.4
SNG0303,Rock,Apr,Fri,0,0,0,0,116.8,15,9.2,218,57.6,1.9,34.69,95.4
SNG0304,Rock,Jan,Tue,1,0,0,1,292.3,15,0.8,183,99,3.3,46.2,80.2
SNG0305,Latin,Mar,Mon,1,0,0,0,37.6,16,9.2,199,57.6,12.7,35.16,89.1
SNG0306,Indie,Sep,Sat,1,0,0,1,90.5,18,8.8,188,62.9,11.5,46.25,100
SNG0307,R&B,Jul,Fri,1,0,0,1,29.1,12,1.7,219,52,4,40.84,98.3
SNG0308,Hip-Hop,Jul,Fri,1,1,0,1,84.9,18,6.9,149,64.5,25.3,43.73,99.3
SNG0309,Country,Nov,Thu,1,1,1,0,229.5,21,14.1,213,53.1,3.7,38.78,84.3
SNG0310,Hip-Hop,Apr,Fri,0,0,0,0,43,21,9.1,260,70.5,7.6,28.38,88.7
SNG0311,R&B,Feb,Fri,1,1,0,1,35.9,14,3,245,71.9,6.9,47.51,100
SNG0312,Pop,Apr,Fri,0,1,1,1,62.6,21,5.5,185,53.8,6.9,53.98,83.1
SNG0313,Pop,Jun,Fri,0,1,0,1,279.2,14,10.6,221,37.7,7.7,55.48,100
SNG0314,Indie,Nov,Fri,0,0,0,1,114.4,25,5.8,215,59.7,7.5,29.92,87.8
SNG0315,Country,Nov,Wed,0,0,0,0,35.4,14,16.9,252,83.2,7.5,42.21,97.1
SNG0316,Latin,Mar,Mon,0,1,0,0,184.7,15,7.8,125,43.1,7.8,34.71,93.6
SNG0317,R&B,Jan,Fri,1,1,0,0,20.9,11,10.8,241,64,21.5,26.31,78.9
SNG0318,Pop,Dec,Mon,1,0,0,1,297.6,21,11.5,196,36.3,7.5,46.76,65.9
SNG0319,Pop,Aug,Fri,1,1,1,1,121.5,22,2.1,181,39.3,15.7,46.3,100
SNG0320,Hip-Hop,Dec,Fri,0,1,0,1,229.2,16,5.7,180,81.4,10.2,55.07,100
SNG0321,Rock,May,Sat,1,0,0,1,21,15,4.1,163,70.4,12.1,45.04,95.5
SNG0322,Latin,May,Fri,1,1,0,1,75.1,24,14,185,64.3,16.8,43.28,78.4
SNG0323,Latin,Nov,Mon,1,1,0,0,60.7,23,8.3,170,16.2,3.6,26.78,75.5
SNG0324,Hip-Hop,Apr,Wed,0,0,0,0,33,18,4.6,211,48,14.9,47.14,100
SNG0325,Indie,Jun,Sat,0,1,0,1,26.9,16,1.7,224,68.9,7.6,38.15,87.9
SNG0326,Latin,Mar,Tue,0,0,0,0,95.1,12,1.3,197,31.9,4.2,19.06,42.7
SNG0327,Rock,Sep,Fri,0,1,0,0,101.3,25,7.2,253,51.6,16.8,35.81,95.2
SNG0328,Rock,May,Fri,0,1,0,0,165.7,12,2.9,187,71.8,6.4,18.72,78.4
SNG0329,R&B,Mar,Thu,1,1,1,0,46.9,13,10,195,30.8,12.2,30.01,69.8
SNG0330,Hip-Hop,Nov,Thu,0,1,1,0,60.4,10,1.2,190,27.8,1,40.92,93.1
SNG0331,Hip-Hop,Jan,Fri,0,0,0,1,25.3,16,23,224,31.1,16.1,56.95,100
SNG0332,Latin,Oct,Sat,0,0,1,1,196.1,21,9.9,227,64,71.7,64.03,100
SNG0333,Pop,Dec,Wed,0,0,0,1,70,23,6,221,48,9,21.18,58.3
SNG0334,Pop,Jun,Sun,0,1,1,0,110.6,15,24.9,201,73.8,7.3,43.97,100
SNG0335,Pop,Feb,Fri,0,0,0,1,113.4,21,12.9,162,60.2,6.2,36.5,90.5
SNG0336,Pop,Mar,Sun,0,1,0,1,185.2,16,3.6,195,91.8,14.1,41.24,81.2
SNG0337,EDM,Jan,Tue,1,0,1,1,37.3,21,5.9,252,35.7,7.1,35.07,76.8
SNG0338,Latin,Sep,Tue,1,0,0,1,108.7,23,0.9,237,64,15.2,28.05,89.2
SNG0339,R&B,Aug,Sat,0,1,1,1,65.5,13,14.3,214,43.7,35.8,32.52,72.5
SNG0340,Pop,Dec,Sat,0,1,1,0,291.2,21,4.2,193,68.8,17.7,43.33,80.7
SNG0341,R&B,Feb,Fri,1,1,1,1,37.2,17,0.9,205,60.2,7.8,37.5,92.5
SNG0342,R&B,Dec,Fri,0,0,0,0,151.4,14,1.9,193,40.1,3.7,46.04,90.9
SNG0343,Pop,Nov,Sat,0,0,0,0,85.2,23,12,243,55.2,6.5,31.83,81.4
SNG0344,R&B,Aug,Mon,1,1,0,1,82.1,18,23.4,178,59.3,7.9,51.64,100
SNG0345,Hip-Hop,Dec,Fri,0,1,1,0,69.3,17,5.6,235,47.2,3.1,36.79,82.9
SNG0346,Rock,Sep,Sat,1,1,0,0,171.2,21,2.3,188,71.1,21.5,35.8,92.5
SNG0347,Rock,Jan,Thu,0,0,0,1,80.2,17,1.5,247,39.4,14.2,17.48,59
SNG0348,Pop,May,Thu,0,1,0,1,22.9,20,19.6,219,95.6,3.9,52.67,96.2
SNG0349,Hip-Hop,Aug,Sat,0,1,0,0,156.6,20,8.2,181,75.2,2.2,37.44,85.3
SNG0350,Rock,Nov,Thu,1,1,0,1,137.7,17,4.1,195,64.3,16,44.52,100
SNG0351,R&B,Feb,Mon,0,0,0,0,100.6,14,3.3,228,99,2.4,44.69,100
SNG0352,EDM,Apr,Sun,0,1,1,0,30.3,27,10,189,52.4,9.7,41.97,89.4
SNG0353,Latin,Jul,Fri,1,0,0,0,33.7,21,9.8,206,69,6.5,46.12,80.1
SNG0354,Pop,Mar,Sat,0,1,1,0,17.9,23,2.4,189,62,17.1,41.11,100
SNG0355,Pop,Dec,Sat,0,1,0,0,92,21,2,261,72.4,17.3,32.87,81.5
SNG0356,Latin,May,Mon,1,1,0,0,25.9,23,2,267,84.9,4.7,42.46,89.6
SNG0357,Pop,Aug,Wed,0,1,0,1,20,19,3.6,252,67.9,18.4,41.48,100
SNG0358,Rock,Dec,Thu,1,1,0,1,162.8,18,2.9,201,76.8,7.2,24.34,75.8
SNG0359,Indie,Oct,Thu,1,1,0,1,114.2,20,23.5,192,48.1,9.2,25.23,65.5
SNG0360,Rock,Mar,Fri,1,0,1,1,52.8,17,3.5,180,54.3,9.3,39.69,72.6
SNG0361,Hip-Hop,Apr,Fri,0,1,0,0,60.7,21,1.8,254,87.5,54.5,51.72,100
SNG0362,Latin,Sep,Fri,1,1,0,1,12.4,22,1.9,235,68.7,8.2,44.94,91.2
SNG0363,R&B,Jul,Wed,0,0,0,1,126.7,19,4.6,236,62.5,2.4,46,100
SNG0364,Rock,Jan,Thu,1,0,1,0,41.1,20,1.1,197,44.4,5.1,33.06,100
SNG0365,Indie,Dec,Fri,0,0,0,0,84,14,5.2,149,75.4,16.3,54.82,100
SNG0366,Hip-Hop,Apr,Fri,0,0,0,1,11.7,19,1.6,156,43.9,7.2,35.71,76.1
SNG0367,Indie,Apr,Tue,0,1,0,1,132.2,21,15.5,207,38.6,9.1,26.27,77.8
SNG0368,EDM,Sep,Fri,1,0,1,1,39.4,14,6.1,188,60.1,6.4,48.56,100
SNG0369,Pop,Jun,Mon,1,1,0,0,25.5,18,36.9,185,14.8,1,27.21,79.3
SNG0370,Pop,Sep,Thu,0,1,0,0,52.6,18,4.5,216,69,4.8,32.1,86
SNG0371,Pop,Dec,Fri,0,1,0,1,43.9,14,0.5,237,64.8,8.5,37.55,79.4
SNG0372,Pop,Jun,Mon,1,1,1,1,141.5,10,20.3,183,51.6,2.2,40.47,87.6
SNG0373,Pop,Jun,Fri,0,1,0,0,49.7,23,8.6,163,53.3,3.5,43.74,93.1
SNG0374,Latin,May,Thu,0,1,1,0,173.1,16,9.9,183,55.9,6.9,40.03,100
SNG0375,Pop,May,Mon,1,1,0,1,84,14,2.2,172,43.8,6.9,39.26,78.5
SNG0376,Hip-Hop,Feb,Wed,0,1,0,1,124.7,14,5.3,224,61.3,12.4,53.41,100
SNG0377,EDM,Aug,Sun,1,1,0,0,66.6,17,6.5,205,53.5,7.2,26.58,75.7
SNG0378,Pop,Aug,Fri,0,1,1,0,162.5,22,4.4,265,60,12,47.65,100
SNG0379,Country,Nov,Sun,0,1,0,1,29.7,12,1.1,229,55.2,5.2,18.16,69
SNG0380,Hip-Hop,Jan,Fri,0,1,1,1,72.2,19,66.1,263,51.7,10.7,49.06,95.8
SNG0381,Pop,Aug,Fri,1,0,0,0,50.5,14,11.6,160,63,29.3,58.14,100
SNG0382,Latin,May,Thu,0,1,1,0,177.3,15,8,120,72.1,11.4,24.05,64.5
SNG0383,Rock,Feb,Thu,1,0,0,1,190.4,15,17.9,213,48.6,7.5,18.82,62.1
SNG0384,EDM,Feb,Wed,0,0,0,0,66.7,14,9.8,209,65.1,4.2,27.72,80.7
SNG0385,Latin,Jun,Thu,1,1,0,1,27,12,3,201,67.3,9.7,53.48,100
SNG0386,Country,Nov,Fri,0,0,0,1,89.9,18,16.9,208,34.9,7.6,38.81,98.8
SNG0387,Hip-Hop,Sep,Wed,0,1,0,0,20.8,19,11.8,169,75.6,14.1,48.71,100
SNG0388,Pop,Jan,Wed,1,1,0,1,208.2,15,3.1,223,95,2.1,30.63,76
SNG0389,Latin,Dec,Thu,0,0,0,1,47.9,11,11.1,229,56.4,7.8,28.6,74.1
SNG0390,Country,Jun,Fri,0,1,0,1,65.3,20,4.4,167,54.9,12.6,36.37,78.3
SNG0391,Indie,Sep,Fri,1,0,0,0,41.4,20,6.6,194,54.2,10,32.53,66.7
SNG0392,R&B,Aug,Sat,0,0,0,1,35.5,14,9.4,196,69.2,6.9,25.16,67.8
SNG0393,Hip-Hop,Nov,Thu,1,1,0,0,111.7,19,18.8,184,67.2,6.8,38.57,100
SNG0394,Country,Jun,Wed,0,1,0,1,59.7,17,3.1,168,29.4,3.7,22.97,46.1
SNG0395,Hip-Hop,Mar,Thu,1,1,0,1,68.7,21,7.6,205,42.4,12.2,47.8,100
SNG0396,Indie,Aug,Sat,0,1,0,0,33,22,33.6,213,67.1,12.7,58.38,100
SNG0397,EDM,Sep,Mon,0,1,1,1,121.4,16,4.7,185,55.4,2.9,32.82,73.5
SNG0398,R&B,Jan,Fri,1,0,1,1,130.4,17,6.5,170,37,16.6,42.62,97.8
SNG0399,Latin,Dec,Fri,1,1,0,0,57.6,10,33.5,218,85,5.3,35.56,100
SNG0400,Latin,Sep,Tue,0,1,0,0,162,19,9.7,180,43.6,6.7,22.21,68.4
SNG0401,Pop,Jun,Thu,0,1,0,1,62,19,1.5,195,58.6,39.8,49.41,95.1
SNG0402,EDM,Jun,Wed,1,0,0,0,115.1,20,2.7,191,54.9,32.5,39.24,90.3
SNG0403,R&B,Dec,Sat,0,1,0,0,21.4,12,10.2,245,38.6,2.8,39.17,77.7
SNG0404,Country,Apr,Fri,1,1,0,1,85.4,18,8,182,61.3,3.2,44.46,87.7
SNG0405,Hip-Hop,Jan,Fri,1,0,0,1,55.1,16,6.3,260,65.1,3.9,29.03,77.9
SNG0406,EDM,Oct,Fri,0,1,0,1,74.4,18,38.3,229,49.6,32.1,24.74,84.9
SNG0407,Hip-Hop,Aug,Fri,0,1,0,0,72.1,19,3.1,263,51.9,5.6,40.6,86.8
SNG0408,Pop,Feb,Fri,1,0,0,0,72.8,18,5.1,226,68.8,2.8,45.86,100
SNG0409,EDM,Dec,Mon,0,0,0,0,102.6,20,0.9,198,22.4,24.2,23.35,70.8
SNG0410,Pop,Jan,Thu,0,1,0,1,44.9,18,15.6,176,42.8,14.5,35.46,83
SNG0411,Hip-Hop,Feb,Wed,1,1,0,1,99.3,9,2.7,194,61.8,54.6,46.18,100
SNG0412,Indie,Jan,Fri,0,0,1,0,158,16,14.2,253,48.5,14.5,24.25,60.7
SNG0413,Indie,Jan,Mon,1,1,1,0,24.9,16,12.9,203,48.3,8.8,23.07,47.8
SNG0414,Rock,Sep,Fri,0,0,0,1,38.6,26,45.3,226,74.2,11,27.02,74.4
SNG0415,Rock,Jan,Wed,0,1,0,1,39.8,17,9.8,212,46.6,6.3,16.39,66.6
SNG0416,R&B,Apr,Sun,0,1,0,0,31,26,4,213,93.6,25.6,46.89,100
SNG0417,Hip-Hop,Oct,Thu,0,1,0,1,47.8,18,8.2,214,26.4,26.8,21.54,54.3
SNG0418,Hip-Hop,Jun,Thu,0,0,0,0,137.4,12,2.8,221,18.2,2.5,30.63,82
SNG0419,Latin,Jul,Sun,0,0,0,1,183.7,19,7.3,179,73.8,19.2,40.81,100
SNG0420,Latin,Feb,Fri,1,0,0,1,71.8,14,4.6,196,40.3,3.8,27.15,67.5
SNG0421,Country,Jun,Sun,0,0,0,1,53.1,19,5.1,215,40.6,62.2,47.85,76.5
SNG0422,Country,Jul,Mon,0,1,1,0,117,23,2.4,210,75.7,30.4,54.18,100
SNG0423,Pop,Oct,Thu,0,1,1,0,12.7,16,7.2,190,49,3.6,34.59,77.9
SNG0424,R&B,Oct,Fri,0,0,0,1,31.9,15,11.5,218,74.4,10.9,42.25,91.4
SNG0425,Pop,Feb,Sat,0,0,0,0,13.1,21,1.2,180,47,20,48.22,100
SNG0426,Rock,Feb,Wed,0,0,0,1,31.6,12,2.9,166,64.5,5.5,34.73,71.8
SNG0427,R&B,Oct,Sun,0,0,1,1,39,15,6.4,214,48.8,3,19.09,63.5
SNG0428,EDM,Jul,Fri,0,1,0,1,187.6,21,0.7,167,41.4,9.8,35.15,86.3
SNG0429,Hip-Hop,Dec,Sat,0,1,1,0,10,15,26.2,214,89.2,7.9,30.9,89.6
SNG0430,Pop,Jan,Thu,1,0,0,1,49.8,14,2.9,142,78.1,4.3,40.09,92.3
SNG0431,Pop,Aug,Wed,0,1,1,1,102.9,18,2.4,182,44.9,24.3,46.84,100
SNG0432,Country,Nov,Sun,0,1,0,0,88.9,22,4.5,195,54.8,3.2,35.62,73.8
SNG0433,Rock,Mar,Sun,1,0,1,0,185.5,9,6.2,154,84.6,8.3,47.84,100
SNG0434,Pop,Nov,Fri,0,1,1,0,74.6,21,2.8,193,40.2,10.4,51.94,100
SNG0435,Pop,Jun,Mon,1,0,0,0,86.7,24,13.2,243,41.2,11.6,33.68,79.1
SNG0436,Latin,Sep,Tue,0,1,0,1,18.4,12,7.8,164,66.5,22.3,29.69,84.8
SNG0437,Pop,Jun,Fri,0,0,1,1,33.4,21,2.6,194,98.9,7.4,53.09,100
SNG0438,Country,Sep,Mon,0,0,0,1,19.1,16,3.4,259,59,1.1,26.92,63.4
SNG0439,Latin,Jul,Thu,0,0,0,1,99.6,17,1.4,171,76.9,6.6,44.38,100
SNG0440,Pop,Sep,Thu,1,1,0,1,85.1,22,1.8,250,39.7,16.1,41.96,93.2
SNG0441,Pop,Feb,Fri,0,1,0,1,83.1,22,7.8,196,64.5,8,48.02,96.9
SNG0442,Indie,Dec,Mon,1,1,0,0,36,18,2.6,208,51.5,8.1,48.49,100
SNG0443,Hip-Hop,Aug,Fri,0,1,0,1,33.7,21,27.8,246,91.6,13.7,48.83,100
SNG0444,Hip-Hop,Aug,Fri,0,0,0,0,77.2,12,5.8,189,86.8,15.3,45.6,88.9
SNG0445,Country,Feb,Fri,1,1,0,1,41.7,24,1.6,225,99,2.2,56.94,100
SNG0446,Indie,Dec,Thu,0,1,0,0,32.6,15,2,233,45.5,8.9,30.18,77.9
SNG0447,Indie,Apr,Thu,0,1,0,1,46.7,16,14.1,184,58.6,7.7,43.17,100
SNG0448,Latin,Nov,Fri,1,0,0,1,42,7,5.1,181,64.8,9.6,44.1,99.3
SNG0449,Hip-Hop,Jul,Sat,1,1,0,1,36.4,20,13.4,198,46.2,1.9,42.07,95.2
SNG0450,Pop,Nov,Fri,0,0,0,1,28.3,16,3.9,199,60.4,26,24.43,76.6
SNG0451,Country,Apr,Sun,1,0,1,1,91.3,16,3.3,170,74.4,9.1,35.69,72
SNG0452,Rock,Apr,Fri,1,0,0,0,198.2,15,15,184,48.1,12.7,47.14,83.8
SNG0453,R&B,Jun,Fri,1,0,0,0,64.9,18,2.5,120,45.3,37.1,34.95,94.1
SNG0454,EDM,Oct,Tue,0,1,0,1,77.9,21,8.5,194,44.1,12.8,41.09,97.6
SNG0455,Pop,Jun,Fri,1,0,1,0,97.1,23,4.5,234,33.8,2.6,35.57,90.7
SNG0456,R&B,Oct,Fri,0,1,0,0,86.2,15,12.1,152,73.4,8.4,27.57,80.3
SNG0457,Pop,Mar,Wed,1,0,0,0,36.9,18,28.1,190,45.3,15.5,30.22,76.4
SNG0458,R&B,Sep,Fri,0,0,0,0,222.3,17,3.8,283,43.4,9.4,37.83,69
SNG0459,Pop,Dec,Thu,0,1,0,0,39.2,16,3.3,204,67.5,35.4,52.75,100
SNG0460,Pop,Oct,Fri,1,1,0,0,105,15,10,248,57.8,4.6,61.29,100
SNG0461,Pop,Nov,Fri,0,1,0,0,96.7,17,2.1,173,48.5,24.4,31.22,90.7
SNG0462,Latin,Feb,Fri,1,0,0,0,16.9,23,23.4,219,72.6,17.7,49.8,100
SNG0463,Latin,Jun,Sun,1,1,1,1,51.9,20,20.1,167,47.8,9.7,32.02,87.9
SNG0464,Rock,Dec,Thu,1,1,0,1,69.4,19,2.2,218,18.8,11.8,25.45,64.4
SNG0465,Indie,Jul,Thu,0,1,0,0,73.2,14,1.3,232,82,4.1,47.33,100
SNG0466,Hip-Hop,Dec,Thu,1,1,0,1,82.4,19,1.9,224,43.1,7.1,25.13,88.1
SNG0467,Hip-Hop,Sep,Sat,0,0,0,0,113.3,15,2,194,45.1,14.3,32.95,85.6
SNG0468,EDM,Mar,Fri,0,0,1,1,66.3,23,11.3,214,45.1,8,45.88,92.8
SNG0469,Hip-Hop,Oct,Fri,1,1,1,1,85.5,15,22.1,214,59.1,9.5,48.11,100
SNG0470,Indie,Mar,Wed,0,1,1,1,64.6,15,11.1,226,53.1,20,29.96,80.6
SNG0471,Pop,Jul,Fri,0,1,1,1,32.7,11,4.4,201,75.8,2,46.83,100
SNG0472,Indie,Apr,Thu,1,1,0,0,68.2,12,7.5,235,87.6,12.1,16.98,70.5
SNG0473,Pop,Aug,Fri,0,0,0,0,112.7,19,2.5,251,45.8,37.4,44.18,100
SNG0474,EDM,Jul,Sat,0,1,0,1,144.9,10,14.7,195,41.1,6.7,38.44,80.5
SNG0475,Rock,May,Fri,1,1,0,0,97.1,14,8.1,206,48.6,3.3,36.75,73.2
SNG0476,Indie,Jul,Fri,0,0,1,0,169.7,18,11,176,65.9,6.6,53.6,100
SNG0477,Pop,Mar,Fri,1,0,0,0,89.4,20,2.8,216,55.9,2.7,38.52,89.1
SNG0478,Rock,Dec,Fri,1,1,0,0,122.1,17,4.7,216,49,10.8,52.93,100
SNG0479,Indie,Feb,Fri,1,1,1,0,128.5,16,10.5,207,34.7,8.5,39.14,92.2
SNG0480,Rock,Jun,Fri,1,1,0,0,57,21,20.1,209,18.2,11.6,29,87.6
SNG0481,Rock,Feb,Wed,0,0,1,0,110.9,13,3.2,266,39.9,8.1,40.25,82.1
SNG0482,Latin,Mar,Mon,0,0,0,0,34.5,14,11,120,80.8,10.6,33.89,79.9
SNG0483,R&B,Jun,Fri,1,1,0,1,85.2,15,2.9,189,65.8,12.9,33.02,90.4
SNG0484,Rock,May,Fri,1,1,0,1,99.9,23,36.8,194,54.6,3.5,55.62,95
SNG0485,Rock,Aug,Wed,0,0,0,1,139.2,20,3.8,252,71.1,11.9,52.25,100
SNG0486,EDM,Sep,Fri,0,0,0,1,118.5,15,9.8,220,34.8,28.7,36.38,99.2
SNG0487,Pop,Nov,Mon,0,0,0,1,140.5,13,6.4,221,59,4.2,40.14,83
SNG0488,Hip-Hop,Mar,Wed,0,1,1,1,62.2,14,57.1,245,25.8,11.5,42.37,93.4
SNG0489,Indie,Dec,Fri,1,1,0,1,52.4,17,6.7,199,64.2,25.4,25.17,71.6
SNG0490,EDM,Oct,Fri,0,1,1,0,55,17,3.4,226,62.7,3.6,46.45,100
SNG0491,R&B,Mar,Fri,1,1,0,1,80.4,16,9.7,188,63.1,17.1,43.37,100
SNG0492,Rock,Mar,Fri,1,0,1,0,18.8,16,9.5,171,79,7.6,37.14,83.9
SNG0493,Hip-Hop,Jun,Sun,0,1,0,1,169.4,17,4.8,262,72,20.3,31.65,100
SNG0494,Pop,Jan,Fri,1,1,0,0,68.8,19,2,217,36.2,4.7,16.35,66.5
SNG0495,R&B,Jul,Mon,0,0,0,1,49.9,17,3.4,226,79.3,9,32.7,86.3
SNG0496,Hip-Hop,Dec,Thu,0,1,0,0,11.3,22,12.1,170,54.2,2.7,35.89,100
SNG0497,Rock,Jan,Tue,1,0,1,0,65,17,1.1,221,22.5,12.8,14.81,56.2
SNG0498,Pop,May,Sun,1,1,0,0,58,14,4.4,262,56,12.9,47.07,100
SNG0499,Indie,Oct,Tue,1,0,0,0,35.6,15,13.4,196,69.6,13.9,19.73,66.3
SNG0500,Indie,Aug,Thu,0,1,1,0,41.6,14,5,165,39.8,13.4,28.57,73.1
SNG0501,Latin,Apr,Wed,0,0,0,0,65.5,8,38.7,211,82,8.4,41.64,100
SNG0502,Rock,May,Sat,1,1,1,0,44.2,17,1.1,172,41.4,2.8,36.03,78.5
SNG0503,Hip-Hop,Apr,Thu,0,1,0,0,99.5,20,2.3,155,49.3,20,39.74,83.7
SNG0504,Country,Dec,Sun,0,0,0,1,39.5,23,0.7,181,46,8.8,29.32,72.7
SNG0505,Latin,Dec,Mon,0,1,0,0,74.3,18,32.9,189,27.2,12.4,20.37,84
SNG0506,Pop,Apr,Tue,1,1,1,0,152.3,15,2.3,173,40.1,7.8,32.33,82
SNG0507,EDM,Dec,Wed,0,0,0,1,65,18,0.9,247,45.2,43.3,25.33,58.6
SNG0508,Country,Aug,Sat,1,0,0,1,85.6,14,3.2,265,55.7,5.7,46.61,98.4
SNG0509,Indie,Feb,Sat,1,1,0,0,81.8,25,1.6,225,5,5.6,20.9,52.9
SNG0510,Latin,Jan,Mon,0,1,0,0,67.1,15,3.2,217,70.9,2.6,47.71,100
SNG0511,Rock,Mar,Mon,0,1,0,1,63.6,20,5.7,200,70.7,9.9,30.12,85
SNG0512,R&B,Sep,Fri,0,1,0,0,44.7,19,11.3,176,79.3,39.9,51.8,95.2
SNG0513,Indie,Apr,Tue,1,0,0,0,74.1,22,4.7,256,31.2,10,41.65,92
SNG0514,EDM,Oct,Tue,0,0,1,1,54.7,15,5.6,203,52.7,10.8,44.1,86.3
SNG0515,Pop,May,Mon,0,1,0,0,196.8,15,3.2,190,74.9,19.7,38,90.7
SNG0516,Pop,Feb,Mon,0,0,1,1,117.7,18,1.4,237,76.5,10.3,43.03,83.2
SNG0517,Hip-Hop,Apr,Wed,1,0,0,0,24.1,15,1,203,84.6,23.6,26.58,72.2
SNG0518,Country,Feb,Mon,0,0,0,1,25.1,23,3.9,236,59.8,26.5,47.23,95.5
SNG0519,Indie,Feb,Thu,1,1,1,1,60.9,16,5.9,192,57,5.6,38.91,51.3
SNG0520,Pop,Apr,Sat,1,1,1,0,50.6,21,3.7,238,30,2.9,63.7,100
SNG0521,Rock,Jun,Thu,0,0,0,1,58.7,26,1.1,236,77.2,15.7,39.99,100
SNG0522,Hip-Hop,Jul,Fri,1,1,0,1,105.2,18,6.6,247,49.7,11.7,49.04,100
SNG0523,Indie,Oct,Tue,0,1,0,0,83.2,20,23.7,182,58.6,3.9,37.31,100
SNG0524,EDM,Mar,Fri,1,1,0,1,82.6,12,4.9,202,57.4,5.2,47.76,100
SNG0525,Country,Mar,Thu,1,1,0,0,183.5,14,3.2,267,14.9,5.2,21.63,46.5
SNG0526,R&B,Oct,Fri,1,1,0,1,25.2,10,5.2,197,43.4,10.2,33.39,78.4
SNG0527,R&B,Jun,Tue,0,0,0,0,71.7,15,2,231,66.2,20,32.33,91.8
SNG0528,Hip-Hop,Dec,Sat,0,1,0,0,44.5,18,1.9,278,57.1,21,65.9,100
SNG0529,Pop,Mar,Wed,0,1,1,0,182.1,20,8.2,146,66.3,17,27.2,55
SNG0530,EDM,Feb,Thu,0,0,1,0,14.2,13,13.3,196,72.1,7.1,18.8,80
SNG0531,Country,Aug,Sun,0,1,0,0,14.6,14,4.8,205,43.2,53.3,32.53,82.7
SNG0532,Indie,May,Fri,0,1,0,1,82.5,10,0.9,147,48.7,9.3,26.03,78.6
SNG0533,Indie,Jan,Thu,0,0,0,1,146.7,22,7.5,190,55.5,6.6,27.82,61.6
SNG0534,Rock,Mar,Sun,0,1,1,0,114.6,17,35.2,174,71.9,3,45.93,76
SNG0535,Country,Oct,Thu,1,0,0,0,38.1,9,4.4,232,53.8,6.8,32.98,71
SNG0536,Indie,Aug,Tue,0,0,0,1,191.4,15,4.7,150,25.9,12.8,22.64,65.7
SNG0537,EDM,Apr,Sun,0,1,0,0,28.2,21,2.5,265,54.4,2.5,35,85.1
SNG0538,Hip-Hop,Jul,Wed,0,1,0,0,166.5,20,8.4,227,71.2,4.2,53.15,100
SNG0539,R&B,Oct,Sat,0,0,0,0,30.9,11,3,171,82.4,6.2,58.05,100
SNG0540,Pop,Dec,Tue,1,1,1,0,52.1,17,13.7,238,63.1,4.9,50.76,99.7
SNG0541,Indie,Feb,Fri,0,0,0,0,104.3,17,3,224,31.3,4.5,26.74,55.5
SNG0542,Rock,Jul,Fri,1,0,0,1,23.9,19,7.4,204,50.7,22.2,30.77,92.1
SNG0543,Hip-Hop,May,Sun,1,1,0,1,186.5,19,5.3,182,66.6,2.4,24.55,67.9
SNG0544,Latin,May,Fri,1,1,0,0,51.9,15,22.2,223,73.6,10.4,59.38,100
SNG0545,Rock,Jun,Mon,1,1,0,1,73.4,9,7.9,209,67.1,13.7,48.73,94.5
SNG0546,Hip-Hop,Sep,Fri,1,1,0,1,150.4,24,19.1,183,53.5,6.1,38.77,100
SNG0547,Pop,Jun,Tue,1,0,0,0,38.3,18,6,162,73.5,7.5,56.91,99.1
SNG0548,Latin,Dec,Sat,1,0,1,0,140.1,21,4.7,178,46.5,8.7,33.16,90.9
SNG0549,Rock,Aug,Sat,0,0,1,0,210.3,22,5.3,189,61.3,15,36.79,83.7
SNG0550,Country,Jul,Fri,1,1,0,0,42.1,17,2.7,242,71.5,30.7,33.59,100
SNG0551,Rock,Sep,Fri,0,0,1,0,173.9,16,8.8,233,68.4,3.2,31.75,100
SNG0552,EDM,Apr,Tue,1,0,1,0,19.4,10,2.9,191,68.8,4.3,19.45,74.6
SNG0553,Rock,Feb,Fri,0,0,0,0,87.6,24,6.1,192,68.3,4.5,32.85,56.9
SNG0554,Rock,Jul,Thu,0,1,0,1,28.2,21,11.8,237,39.1,8.9,30.19,69.6
SNG0555,EDM,Jun,Fri,0,0,0,1,129,15,22.8,214,58.3,6.6,40.84,90.5
SNG0556,R&B,Jan,Mon,0,0,0,1,121.8,22,6.3,213,41.6,15.4,38.6,77.9
SNG0557,Pop,Nov,Fri,0,1,1,1,285.5,26,11.9,182,52.8,5.3,51.05,100
SNG0558,Pop,Sep,Mon,0,0,0,1,180.3,19,10.7,201,37,4.4,44.73,74.2
SNG0559,Latin,Sep,Fri,0,1,0,1,59.4,20,3.9,205,64.2,4.9,36.6,88.9
SNG0560,Rock,Dec,Mon,0,1,0,0,31.3,14,36.5,202,22.6,9.9,24.32,70.9
SNG0561,Latin,Feb,Sat,1,0,0,0,99.1,28,3.3,228,69.1,19.5,38.76,100
SNG0562,Pop,Mar,Wed,0,1,0,1,63.9,24,5.9,229,58.3,8.7,50.74,94.3
SNG0563,Pop,May,Fri,0,0,0,0,197.5,9,20.3,176,92.2,5.8,49.57,96.6
SNG0564,Pop,May,Wed,1,0,0,0,14.6,9,19.8,189,54.3,4,24.05,64.9
SNG0565,Hip-Hop,Jan,Fri,1,1,1,1,308.5,12,5.5,183,54.3,29.1,33.2,94.8
SNG0566,Rock,Aug,Thu,0,1,1,1,96.8,11,13.3,249,70.3,2.2,43.79,76.7
SNG0567,Hip-Hop,Dec,Fri,1,0,1,1,37.7,22,4.5,277,55.4,7.8,38.21,98.6
SNG0568,R&B,Aug,Thu,1,0,1,0,111.5,24,3.5,190,62.9,16.3,51.39,100
SNG0569,EDM,Apr,Fri,0,0,1,0,165.4,14,1.8,200,75.9,7.7,24.49,62.8
SNG0570,Hip-Hop,Jul,Mon,0,0,0,1,72.2,16,10.5,232,53.2,5.7,46.38,100
SNG0571,R&B,Nov,Thu,1,1,0,0,19.4,22,11.5,182,79.5,13.9,43.2,97.9
SNG0572,Country,Oct,Fri,1,1,0,0,54.3,21,3.3,233,27.8,3.8,44.56,93.8
SNG0573,Hip-Hop,Mar,Mon,0,0,0,0,138,21,7,204,86.9,2.2,35.37,92
SNG0574,Rock,Jun,Wed,1,1,0,1,94.4,13,59.5,149,25.8,12,27.83,65.2
SNG0575,EDM,Oct,Sun,0,1,1,1,59.8,13,15.4,163,82.3,4.1,38.16,96.6
SNG0576,Indie,Oct,Sun,0,0,0,1,166.6,23,2.4,194,24.4,10,44.89,90.6
SNG0577,Pop,Dec,Fri,0,0,0,0,111.9,21,13.5,244,93.7,8.2,39.21,86.5
SNG0578,EDM,Sep,Wed,1,0,0,0,118.1,24,2.4,176,60.9,11.1,31.94,80.9
SNG0579,R&B,Jan,Wed,0,1,0,0,50,17,0.5,188,41,7.5,27.61,78.5
SNG0580,Hip-Hop,May,Fri,1,0,1,1,46.8,20,5.4,212,91.6,14,46.87,100
SNG0581,R&B,Apr,Tue,0,0,0,0,20.3,12,22.4,152,38.4,5.1,31.77,87.2
SNG0582,Indie,Aug,Sun,0,0,0,0,55.6,19,19.3,215,53.9,16.9,39.03,100
SNG0583,R&B,Nov,Wed,0,0,0,1,128.4,12,7.7,156,99,3.4,29.57,85.9
SNG0584,Hip-Hop,Dec,Sun,1,1,1,0,57.8,19,3.4,223,65.1,23.1,40.07,98
SNG0585,Rock,Jan,Fri,0,0,0,0,91.1,20,8.5,179,21.5,46.6,29.03,70.7
SNG0586,Hip-Hop,Sep,Fri,0,0,0,1,145.2,16,4.3,175,53.1,9.8,29.56,85.4
SNG0587,Pop,Jun,Mon,1,1,1,0,86.6,13,3.4,214,51.5,31.7,42.97,100
SNG0588,Pop,Apr,Sat,0,1,0,0,92.7,15,14.2,230,61.4,39,47.17,100
SNG0589,Pop,Dec,Thu,1,0,0,0,25.8,14,3.4,217,57.2,7,31.59,76
SNG0590,Pop,Sep,Fri,0,1,0,0,53.2,23,15.1,212,67.8,9.4,65.27,100
SNG0591,Pop,Nov,Sat,1,1,1,0,223.3,21,3.2,212,30.5,4.7,31.77,78.5
SNG0592,Latin,May,Tue,0,1,0,1,71.7,27,34.9,217,48.1,5,37.26,93.9
SNG0593,Pop,May,Fri,1,1,0,0,251.6,18,1.3,219,63.6,10.9,53.11,100
SNG0594,Hip-Hop,Dec,Fri,0,1,0,1,40.2,18,2.3,192,44.3,2.4,38.34,98.3
SNG0595,EDM,May,Thu,0,1,0,0,78.6,22,4.8,226,77.7,17.6,31.96,100
SNG0596,R&B,Jan,Fri,0,0,0,0,51,16,0.9,179,44.6,10.3,36.03,74.1
SNG0597,Latin,Jan,Thu,0,0,0,0,100.9,17,0.5,240,60.6,15.6,32.26,65.7
SNG0598,Pop,Aug,Thu,0,0,0,1,124.8,22,0.9,230,56.1,7.8,30.04,100
SNG0599,Pop,Dec,Fri,1,1,0,0,101.7,20,4.2,275,39.7,15.5,44.8,100
SNG0600,Pop,Aug,Fri,0,0,0,1,138.3,10,4.3,221,59.1,11,21.83,64
SNG0601,Pop,Dec,Wed,1,0,0,1,66.1,14,7.4,234,34.4,13.5,32.56,77.8
SNG0602,Hip-Hop,Jun,Sat,1,0,0,1,58.4,24,4.6,155,50,18.6,44.93,98.7
SNG0603,Pop,Dec,Sat,1,1,0,1,19.5,21,7.2,235,58.5,3.3,53.21,100
SNG0604,Pop,Nov,Fri,0,1,0,0,104.3,21,3.7,243,32.3,5.1,21.65,70.8
SNG0605,Pop,Apr,Fri,0,0,1,1,75.2,13,10.4,253,69.2,57.5,50.79,100
SNG0606,R&B,Feb,Thu,1,0,0,1,63.6,24,9.3,209,62.7,10.7,35.48,68.7
SNG0607,Pop,Feb,Fri,1,0,0,1,58.3,17,4.1,194,67.6,2.3,35.35,90.6
SNG0608,Hip-Hop,Sep,Fri,0,0,0,0,65,21,8.8,170,58,2.3,21.82,74.5
SNG0609,R&B,May,Wed,0,1,0,1,56.5,15,4.6,173,37.3,8.5,46.2,100
SNG0610,Latin,Apr,Fri,0,0,1,0,46.1,11,1.4,204,58,5.9,20.03,60.6
SNG0611,Pop,Oct,Wed,1,1,0,0,78.9,13,12.4,149,69.2,4.7,18.28,73.9
SNG0612,Country,Jan,Mon,0,0,0,1,93.6,22,2.4,180,36.6,37.9,34.21,86.7
SNG0613,Rock,Jul,Fri,0,0,0,1,38.9,17,12.2,208,38,6.7,40.37,80.7
SNG0614,Pop,Mar,Fri,1,0,0,1,50.4,23,7.3,207,53.6,17.4,35.73,93.4
SNG0615,EDM,Jun,Fri,0,1,0,1,57.8,23,5.1,174,51.3,11,47.9,100
SNG0616,EDM,May,Fri,0,1,0,0,66.9,12,1,166,57.7,7.1,34.07,66.5
SNG0617,Pop,May,Sun,1,0,1,0,61,18,21.9,170,52.7,3.6,40.03,93.4
SNG0618,Hip-Hop,Nov,Fri,1,0,1,1,105.8,17,3.9,198,60.9,16.7,46.78,100
SNG0619,Country,May,Fri,0,0,0,0,21,19,9.7,273,80,1.4,52.82,100
SNG0620,Latin,Jan,Mon,0,1,0,1,23.7,15,4.9,239,67.7,18.1,53.54,100
SNG0621,Pop,Jan,Tue,0,1,1,0,76.4,21,4.3,212,59,10.2,24.87,91
SNG0622,Pop,Mar,Thu,0,0,0,0,43.7,19,6.5,223,38.1,14.8,9.73,62
SNG0623,Hip-Hop,Dec,Fri,1,0,0,0,123.8,17,5.6,238,45,9.1,45.9,91.8
SNG0624,R&B,Oct,Fri,0,0,1,0,151.2,17,4.3,227,73.2,3.4,36.16,87.6
SNG0625,Rock,Apr,Thu,0,1,0,1,78.5,26,5.2,195,49.6,12.4,35.55,86.9
SNG0626,Hip-Hop,May,Thu,0,0,0,0,31.5,20,8,178,40.6,17.8,34.93,71.1
SNG0627,R&B,Feb,Wed,1,1,0,0,139.5,17,8.6,201,95.8,6.2,41.14,100
SNG0628,Latin,Aug,Wed,0,0,0,1,76.6,15,5.7,237,85.4,15.3,45.41,100
SNG0629,Pop,Nov,Sun,1,0,1,0,23.6,13,9.6,196,55.8,11.4,43.19,92.1
SNG0630,Hip-Hop,Nov,Fri,0,1,0,1,25.1,19,3.7,170,38.5,12.9,32.64,87.8
SNG0631,Latin,Feb,Tue,1,1,1,0,192.8,24,40.5,150,71,4.5,48.96,98.1
SNG0632,EDM,Sep,Fri,1,0,0,0,171.7,17,20.8,201,49.2,25.2,32.53,82.1
SNG0633,R&B,Feb,Fri,0,0,0,1,11.5,18,10.9,172,74,11.4,51.06,100
SNG0634,Rock,Sep,Fri,0,1,0,1,25.8,15,1,191,49.2,17.6,46.81,100
SNG0635,Pop,Jul,Tue,0,1,0,0,148.2,15,9.4,252,87.6,6.6,60.1,100
SNG0636,R&B,Aug,Thu,0,0,0,1,65.8,18,4,203,48.7,19.8,33.6,94.3
SNG0637,Rock,Nov,Tue,0,0,0,1,109,15,2.3,181,99,6.4,26.17,85
SNG0638,Hip-Hop,Feb,Sat,0,1,1,0,63.9,12,4,215,61.5,4.4,38.7,90.9
SNG0639,Hip-Hop,Jul,Fri,0,0,1,0,105.4,18,2.5,266,82.9,37.2,45.08,100
SNG0640,Hip-Hop,Dec,Fri,1,1,0,0,67,20,8.6,201,48.3,1.4,48.55,99
SNG0641,Pop,Jun,Thu,0,1,0,0,49.1,25,23.4,130,34.4,98.7,52,100
SNG0642,Hip-Hop,Apr,Wed,1,1,1,0,139.9,12,11.5,226,16.5,15.8,20.85,55.2
SNG0643,Pop,Jul,Tue,0,0,0,1,76.8,20,65.8,216,81,7,38.81,93.9
SNG0644,Hip-Hop,Apr,Sun,1,1,0,0,105.3,19,1.4,208,59.2,11.7,25.11,76.3
SNG0645,Pop,Feb,Wed,0,0,1,1,74.5,17,3.5,198,35.5,15.8,28.43,61.1
SNG0646,EDM,Oct,Mon,0,1,0,0,47.4,12,2.3,179,81.7,6.9,52.71,98.3
SNG0647,Rock,Dec,Sun,1,0,0,1,205.6,17,16.6,253,78.8,46,33.98,79
SNG0648,Latin,Jul,Fri,0,0,0,1,85.5,23,4.5,146,82.9,29.4,38.99,85.9
SNG0649,Country,Aug,Sat,0,0,0,0,52,17,6.5,195,33.9,80,35.02,77.4
SNG0650,R&B,Feb,Mon,1,0,0,0,163.2,22,9.7,194,80.4,3.4,37.43,100
SNG0651,Pop,May,Fri,0,0,0,0,26.5,10,1.5,232,64.9,10.7,54.55,100
SNG0652,Rock,Jan,Thu,0,0,1,1,319.1,17,3.1,245,83.7,3,41.9,100
SNG0653,Rock,Jul,Fri,1,1,0,0,58.8,20,13.4,198,67.8,3.8,57.97,100
SNG0654,Latin,Aug,Mon,1,1,0,0,27.5,18,3.3,211,61.1,7,53.43,100
SNG0655,R&B,Jun,Thu,1,0,0,1,253.2,15,1.2,214,80.7,7.1,18.35,82.7
SNG0656,Pop,May,Sat,0,1,1,1,48.2,21,2.4,239,73.3,12.1,39.88,89.5
SNG0657,Hip-Hop,Jun,Fri,1,1,1,0,79.1,14,4.2,238,77.5,8.3,50.24,91.2
SNG0658,Hip-Hop,Feb,Fri,0,1,1,0,110.2,10,6.4,188,49.2,17.1,36.05,93.2
SNG0659,Latin,Jan,Tue,1,1,0,1,152.8,17,5.1,219,54.9,11.6,36.71,85
SNG0660,Rock,Jul,Tue,1,0,1,1,82.3,27,3.1,217,26.8,33.7,33.6,79.9
SNG0661,Hip-Hop,Jul,Fri,1,1,0,0,42.4,17,12.7,201,47.9,17.5,55.93,100
SNG0662,Indie,Oct,Fri,1,0,0,0,77.7,16,4.9,217,72.2,3.5,20.14,59.9
SNG0663,Rock,Nov,Sun,0,0,0,1,49.7,22,6.6,206,68.2,8,47.15,77
SNG0664,Hip-Hop,Oct,Fri,1,0,0,1,79.4,21,3.3,210,40.4,8.5,46.23,89.3
SNG0665,Pop,Feb,Fri,1,1,1,1,208.5,9,21.3,162,81.1,12.8,53.24,95.4
SNG0666,Pop,Feb,Sat,0,1,0,0,113.2,20,3.8,176,99,21.3,51.6,100
SNG0667,Hip-Hop,Jan,Tue,1,0,0,0,77.1,18,5.9,231,41.8,11.3,34.65,83.5
SNG0668,Pop,Oct,Fri,0,0,0,1,111.8,16,13.9,166,54.3,14.3,43.09,93
SNG0669,Pop,Aug,Thu,1,0,0,0,117.6,20,7,220,46.8,3.6,62.75,100
SNG0670,Hip-Hop,Aug,Tue,1,1,0,0,31.4,15,6.9,202,56.3,6.3,56.27,100
SNG0671,Pop,Jan,Fri,1,0,0,0,68.7,18,0.9,238,62.9,2,28.51,85.4
SNG0672,EDM,Dec,Fri,0,0,0,0,400.9,20,10.1,226,45.4,12.9,57.91,100
SNG0673,Pop,Nov,Fri,1,1,0,0,155.9,19,5.8,190,53,17.7,49.36,100
SNG0674,Rock,Aug,Fri,0,0,1,1,46.9,21,8.9,198,59.6,3.1,58.04,100
SNG0675,R&B,Sep,Fri,1,0,1,1,43.7,24,6.5,141,66.5,10.2,46.22,100
SNG0676,Indie,Apr,Tue,0,0,1,1,42.7,17,3.3,201,84.4,8.3,35.81,82.6
SNG0677,Pop,Jan,Fri,0,1,1,1,122.3,17,12.2,164,57.7,34.8,31.32,87.8
SNG0678,Hip-Hop,Jan,Fri,1,0,0,0,205.5,18,6.5,198,47.9,4.4,48.53,82.8
SNG0679,Indie,Mar,Sat,0,0,1,0,100.2,18,1.7,185,70.5,18.8,36.2,92
SNG0680,EDM,May,Wed,1,0,0,0,74.4,17,17.8,177,65.2,22.5,42.77,100
SNG0681,Country,May,Wed,1,0,1,0,48.9,20,1.5,243,54.5,7.7,27.62,62.4
SNG0682,Hip-Hop,Sep,Fri,1,0,0,1,84,20,12.3,164,66.7,11.4,42.25,100
SNG0683,Pop,Oct,Sat,1,0,1,0,37.6,21,20.9,174,51.1,21.4,45.87,100
SNG0684,Latin,Dec,Fri,0,0,0,0,17.2,10,2,183,48.5,3.7,24.83,76.9
SNG0685,EDM,Feb,Fri,0,1,0,1,209.7,16,4.9,190,23.8,6.4,31.17,50.4
SNG0686,Rock,Feb,Sun,0,1,0,0,33,19,4.5,177,52.1,10.5,35.08,89
SNG0687,Rock,Jun,Sun,0,1,0,1,53.1,22,4.7,194,26.3,47.1,27.76,75
SNG0688,Hip-Hop,Sep,Fri,0,1,1,0,105.6,20,28.4,215,46.5,6.6,57.42,100
SNG0689,Country,Jan,Fri,1,1,0,0,182,20,2,226,68.4,7.3,38.43,95.3
SNG0690,Pop,Sep,Wed,1,1,0,0,79.8,27,4.2,225,30.9,31.1,43.4,89.4
SNG0691,Hip-Hop,Sep,Sat,0,0,1,1,28.9,14,21.2,144,54.6,15.3,34.22,85.7
SNG0692,R&B,Sep,Thu,1,1,0,0,54,22,4.1,217,59.2,51.7,43.92,98.4
SNG0693,R&B,May,Sun,1,1,0,0,41.5,19,2.4,219,53.7,21.6,57.16,99.7
SNG0694,Hip-Hop,Sep,Tue,1,1,0,0,64.9,18,6.9,184,49.3,8,43.25,88.5
SNG0695,Pop,Nov,Fri,1,0,0,0,158,14,11.3,258,63.9,7.2,37.99,86.6
SNG0696,Rock,Apr,Fri,0,1,1,0,11.3,21,3.8,240,66.4,4.7,12.73,64.9
SNG0697,Hip-Hop,Feb,Thu,0,1,1,1,50,24,9,199,58,3.2,35.46,76.3
SNG0698,Rock,Jun,Wed,0,1,1,1,47.5,16,1.6,186,50.3,11.9,45.96,94.1
SNG0699,Pop,Apr,Fri,0,0,0,1,27.7,18,1.7,258,73.6,14.9,36.49,100
SNG0700,R&B,Jun,Fri,1,0,0,0,100.5,26,3.7,204,34.4,16.4,29.61,81.4
SNG0701,Rock,Mar,Fri,1,0,0,0,24.8,25,9.3,208,70.4,8.2,31.37,92.4
SNG0702,Pop,Jun,Wed,0,1,1,0,26.8,23,10.9,207,65.6,42.3,54.97,100
SNG0703,Hip-Hop,Feb,Fri,0,0,0,0,121,15,1.9,279,61.6,3,37.8,100
SNG0704,Pop,Feb,Wed,1,0,0,0,190.6,14,10.5,198,57.8,2.8,32.44,64.9
SNG0705,Pop,Sep,Wed,0,1,0,0,63.2,14,6.4,204,24,4.7,52.68,82.1
SNG0706,Indie,Jul,Fri,0,1,0,1,28.4,20,2.5,178,83,9.1,43.58,100
SNG0707,Hip-Hop,Mar,Sat,1,1,0,1,40.7,18,1.6,193,73.1,3.8,39.83,100
SNG0708,Country,Nov,Fri,0,0,0,1,135,16,6.7,172,40.7,26.5,11.79,59
SNG0709,Hip-Hop,Jan,Fri,0,1,0,1,72.3,18,17.5,179,71.7,5,34.82,77.3
SNG0710,Latin,Aug,Thu,0,1,0,0,62.1,12,5.7,147,61.4,4.3,55.28,95.2
SNG0711,Country,Jun,Fri,1,1,1,0,83,17,2.4,233,47.5,21,36.54,99.8
SNG0712,Rock,Jul,Tue,1,0,0,0,65,23,1,210,79.5,10.7,31.91,88.2
SNG0713,R&B,Sep,Sun,0,0,0,0,196.8,11,21.7,213,50.2,16.9,36.34,62.9
SNG0714,R&B,May,Sat,0,0,0,0,39.5,13,14,203,82.4,8.7,52.12,86.9
SNG0715,Hip-Hop,Jan,Fri,0,0,0,0,36.4,16,7.2,207,67.6,11.2,30.73,67.1
SNG0716,EDM,Dec,Fri,0,1,1,0,25.3,14,20.7,257,75.2,2.9,40.22,78.5
SNG0717,Country,Oct,Sat,1,1,0,1,45.7,13,6.7,180,68.4,8,38.43,79.5
SNG0718,Indie,Jul,Fri,0,1,1,1,31.1,18,3.4,214,67.6,3.9,49.52,99.3
SNG0719,Pop,May,Thu,1,0,0,0,77.7,17,9,214,61.9,43.1,41.16,86.1
SNG0720,Latin,Mar,Tue,0,0,1,0,67.7,13,2.6,242,44.9,25.4,37.16,94.2
SNG0721,Indie,Dec,Fri,0,0,1,0,31.3,18,2.2,219,59.1,5.3,29.72,76.9
SNG0722,Pop,Sep,Sun,0,1,0,1,100.7,14,11,221,74.5,7.6,43.94,92.5
SNG0723,Pop,Jan,Tue,0,1,0,0,192.8,24,11.8,165,70.9,7.9,43.23,100
SNG0724,Latin,Jan,Wed,0,1,0,1,85.7,22,1.7,179,67,50.6,53.28,100
SNG0725,Rock,Jan,Fri,0,0,0,1,11.2,18,1.8,168,20.3,12.4,26.61,55.5
SNG0726,EDM,Mar,Sat,0,0,0,0,268,11,3.7,126,54.2,6.4,32.95,88
SNG0727,Pop,Dec,Thu,1,0,0,0,112.5,11,2.9,218,52.3,10.1,39.5,96
SNG0728,Country,Jun,Wed,0,0,1,0,262.3,26,8.4,197,38.1,2.6,37.03,80.5
SNG0729,Pop,Oct,Fri,1,1,0,0,143.1,14,5.7,218,74.3,8.5,38.05,72.8
SNG0730,Pop,Nov,Fri,1,1,1,1,164.6,18,15.6,206,21.5,3.8,31.42,75.9
SNG0731,Pop,Mar,Mon,0,1,0,0,77,15,7.3,213,73.1,2.1,43.26,88.4
SNG0732,Country,Aug,Tue,0,0,0,0,55.5,13,3.1,248,81.9,44.2,42.48,92.6
SNG0733,Latin,Oct,Fri,0,1,1,1,86.6,16,1,205,54.2,8.8,56.31,100
SNG0734,Rock,Feb,Fri,0,0,0,0,40.6,20,6.4,226,56.7,4.9,31.18,69.5
SNG0735,Hip-Hop,Sep,Sun,0,0,0,0,90.4,17,1.2,195,75.4,2.3,41.41,83.1
SNG0736,EDM,Mar,Fri,1,1,0,0,10.6,13,3,231,44.3,7.6,34.77,76.1
SNG0737,Hip-Hop,May,Mon,1,1,1,1,68.7,13,2.9,165,69.9,8,54.95,100
SNG0738,Country,Oct,Fri,0,1,0,1,170.9,22,3.5,146,41.5,16.6,43.61,100
SNG0739,R&B,Aug,Fri,1,0,0,0,71.2,17,1.7,272,36.1,4.2,31.98,73.9
SNG0740,Hip-Hop,Feb,Tue,0,1,0,1,223.5,14,2.8,264,63.3,5.9,23.47,57.5
SNG0741,R&B,Jun,Sun,1,1,0,1,55.4,22,15.4,143,57.5,4.3,42.37,100
SNG0742,Hip-Hop,Dec,Sat,1,0,0,0,134.5,10,15.3,204,27,7.6,31.5,69.1
SNG0743,Latin,May,Wed,0,0,0,1,36.1,18,21.7,210,83.5,1.8,47.73,100
SNG0744,R&B,Oct,Wed,0,1,0,0,130.8,22,5.5,228,50.5,4.7,33.23,94.7
SNG0745,Hip-Hop,Sep,Mon,0,0,1,1,78.5,15,7,261,67.2,14.9,37.66,93.4
SNG0746,EDM,Dec,Thu,1,0,1,0,57.2,17,15.6,171,86.9,3.4,30.18,78.2
SNG0747,Hip-Hop,May,Fri,0,0,0,1,11,18,1.5,173,62.5,20.1,44.99,84.9
SNG0748,Rock,Feb,Fri,1,1,0,0,55.8,25,11.3,205,80.9,18.2,34.55,90.6
SNG0749,EDM,May,Sun,0,1,0,1,77.4,9,17.7,174,42.5,19.4,35.69,84.7
SNG0750,Rock,Dec,Mon,0,0,0,0,119.1,13,2.5,120,83.6,9,26.19,62.1
SNG0751,Pop,Apr,Fri,0,1,0,1,198.9,21,19,198,43.1,8.4,57.3,99.4
SNG0752,Indie,Nov,Sat,0,0,0,0,277.1,14,34.9,232,47.7,11.7,49.43,85.2
SNG0753,Rock,Jul,Fri,1,0,0,1,159.6,18,11,204,31.8,26,40.23,69.1
SNG0754,Hip-Hop,Jun,Mon,0,0,1,1,45,16,9.3,225,62.8,24.1,27.57,80.1
SNG0755,Pop,Feb,Wed,0,1,0,0,53.9,18,2,220,69.4,2.4,45.44,100
SNG0756,Country,Dec,Thu,0,1,1,1,111.9,19,14.3,172,71.8,4.5,55.81,100
SNG0757,Rock,Nov,Sun,0,1,0,0,95.9,23,2.2,207,32.2,3.9,30.07,75.1
SNG0758,Rock,Nov,Sun,0,0,0,1,208.5,17,7.6,156,64.7,16.1,37.05,91.5
SNG0759,EDM,May,Sun,0,1,0,1,378.3,22,8.4,189,65.4,5.2,42.86,100
SNG0760,Country,Jul,Sat,1,1,1,0,326,15,0.5,207,69.1,7.7,37.59,87.5
SNG0761,Pop,Nov,Thu,0,1,0,1,189.8,13,7.9,205,44.1,35.4,33.96,64.5
SNG0762,Hip-Hop,Jul,Sat,0,1,0,0,96.5,15,57.9,164,12.9,22.1,29.57,63.4
SNG0763,Hip-Hop,May,Sun,0,1,0,0,171.5,16,0.8,170,70.7,27.1,34.25,80.9
SNG0764,Latin,Dec,Thu,0,1,0,1,213.4,28,5.2,214,55.4,5.1,38.24,93.3
SNG0765,Pop,Sep,Wed,1,0,0,1,60.2,21,0.9,231,63,1,45.89,95.7
SNG0766,Rock,Apr,Fri,0,1,0,0,45.9,16,2.4,198,56.3,6.6,37.87,100
SNG0767,Country,Nov,Wed,0,1,0,0,39,20,1,197,62.2,2.9,26.41,67.9
SNG0768,EDM,Mar,Mon,1,0,0,1,36.1,18,6.3,235,71.3,1.9,31.47,65.3
SNG0769,Hip-Hop,Apr,Sun,0,0,0,0,25.3,21,11.2,180,24.6,22.3,16.07,56.3
SNG0770,Country,May,Sun,0,1,0,1,79.4,13,7.9,260,78.5,4.4,39.47,96
SNG0771,Pop,Jun,Tue,1,1,1,1,33.1,16,2.4,162,54.7,4.7,49.64,85.7
SNG0772,EDM,Mar,Thu,1,0,0,0,38.5,16,3.2,239,87.3,6.7,27.12,86.1
SNG0773,Pop,Feb,Sat,1,1,0,0,108.9,10,7,222,49.7,33.7,27.15,66.2
SNG0774,Hip-Hop,Apr,Fri,0,1,0,0,75.7,19,2.4,282,45.7,7.9,33.31,100
SNG0775,Country,May,Thu,0,1,1,0,90.1,21,1.7,169,55.3,19.3,53.48,100
SNG0776,Pop,Apr,Fri,0,1,0,1,173.4,17,4.4,130,67,7,37.38,92.7
SNG0777,Hip-Hop,Nov,Sat,0,0,0,1,122.1,15,2.3,245,53.1,2.5,41.94,100
SNG0778,Latin,Dec,Sun,1,0,0,1,193.1,25,7.9,158,68.3,3.5,41.96,90.7
SNG0779,Latin,Mar,Thu,0,0,0,0,70.5,19,17.6,225,51,9,28.6,86.8
SNG0780,Latin,Aug,Wed,1,1,0,0,206.1,19,56.7,243,58.6,9.8,52.2,100
SNG0781,Latin,Oct,Sun,1,1,0,1,85.8,14,7.4,217,98.3,13.9,37.88,95.8
SNG0782,Rock,Apr,Tue,0,0,1,1,75,23,9.8,212,64.4,13.9,30.3,80.9
SNG0783,Hip-Hop,Feb,Fri,0,1,1,1,185.5,18,3.2,218,65.9,18.5,49.59,98
SNG0784,Hip-Hop,Feb,Tue,1,1,1,0,36.2,17,3.4,232,31.5,4.9,29.5,82.5
SNG0785,Pop,Jan,Thu,0,0,0,1,274.9,26,17.4,224,82.4,38.9,47.39,100
SNG0786,EDM,Apr,Fri,1,0,1,0,54.7,13,4.3,166,77.2,41.9,33.89,96.2
SNG0787,Rock,Oct,Tue,0,1,0,1,28.4,9,5.8,263,45.1,6,27.64,63.2
SNG0788,R&B,Sep,Sun,0,0,0,1,105.4,26,16.5,207,76.8,4.8,52.18,100
SNG0789,R&B,Nov,Mon,1,1,1,1,51.2,16,4.3,222,63.9,2.2,41.59,87.2
SNG0790,Indie,Jul,Sat,1,1,0,0,275.4,23,21.1,228,58.8,10.3,42.15,100
SNG0791,Pop,Dec,Sat,0,1,0,1,49.3,20,9.2,242,81.2,13,62.66,100
SNG0792,Rock,Oct,Thu,1,0,0,0,83.1,17,8.2,239,48.8,5.7,25.67,79.3
SNG0793,R&B,Jul,Fri,0,0,0,1,24.6,15,3.1,209,45,11.3,42.28,87.1
SNG0794,Rock,Jul,Wed,1,0,1,0,117.8,31,8.7,207,61.7,3,51.02,98.8
SNG0795,Pop,Aug,Fri,1,1,0,0,38.7,17,3.7,218,67.5,19.6,54.16,100
SNG0796,EDM,Jan,Fri,0,1,0,0,108.3,18,8.4,240,75.4,5.9,48.68,95.4
SNG0797,Indie,Oct,Thu,0,0,0,1,49.4,17,5,169,55.3,11.4,34.86,64.2
SNG0798,Rock,Oct,Thu,1,1,1,1,15.9,20,13.1,226,42.7,10.7,32.06,80.1
SNG0799,Latin,Aug,Fri,0,1,0,1,73.1,16,5.3,177,99,1.9,56.29,100
SNG0800,EDM,Apr,Sat,1,0,0,1,70.8,21,34.3,264,38.4,17.6,32.22,78.2
SNG0801,Latin,Apr,Tue,0,0,1,1,123.6,23,4.3,217,59,4.8,45.08,80.2
SNG0802,Pop,Apr,Fri,1,1,0,0,198.2,21,3.4,192,72,10.6,42.83,100
SNG0803,Rock,Jun,Wed,1,1,0,1,254.3,12,7.5,219,78.7,2.9,31.92,76
SNG0804,Rock,Jul,Sat,1,1,1,1,122.1,24,14.4,205,47.8,6.2,45.6,86.9
SNG0805,R&B,Jun,Mon,0,0,0,0,81,12,14.3,200,24.3,12.1,37.78,80
SNG0806,Latin,Jan,Fri,1,0,1,0,24.6,23,6.4,147,47.4,3.8,32.52,78.2
SNG0807,Indie,Dec,Wed,1,0,0,0,76.8,18,7.4,172,73.5,4,35.55,93.2
SNG0808,EDM,Aug,Fri,0,1,1,0,77.5,11,7.4,201,69.5,10,31.13,83.3
SNG0809,R&B,Oct,Sat,0,1,1,0,58,20,2.1,151,70.1,7.9,59.22,100
SNG0810,Pop,Nov,Fri,0,0,0,0,103.9,14,13.8,186,70.8,11.9,38.9,87.2
SNG0811,Indie,Jul,Fri,1,0,0,1,146.3,14,1.8,189,82.1,6.7,33.02,77.2
SNG0812,Country,Jun,Fri,0,1,1,0,37.6,30,2.1,180,44,15.1,60.71,100
SNG0813,Pop,Jun,Sat,0,1,0,0,37.2,27,5.8,230,36.4,5.7,43.18,90.6
SNG0814,EDM,May,Fri,1,1,0,1,60.5,19,4.1,177,64.7,14.6,52.22,100
SNG0815,EDM,Jun,Sun,0,0,0,0,43.4,29,11.2,208,39.1,4.4,27.02,48.9
SNG0816,R&B,Dec,Fri,0,0,1,0,21.1,18,8.2,194,35.3,5.5,28.58,69.7
SNG0817,Rock,Sep,Fri,1,0,1,1,33.2,15,6.2,201,80,16.2,49.24,100
SNG0818,Hip-Hop,Oct,Wed,1,1,0,0,28.1,19,2,256,62.5,6,58.59,100
SNG0819,Pop,Sep,Fri,0,1,0,0,155.4,20,5.6,211,58.5,3.5,40.56,100
SNG0820,Hip-Hop,Oct,Tue,0,1,1,0,219.6,22,5.2,217,58.9,36,48.76,100
SNG0821,Country,Aug,Sat,1,0,1,1,31,16,6.7,181,56.1,8.8,25.25,77.5
SNG0822,Pop,Oct,Fri,0,1,0,1,97.7,18,3.7,225,79.9,13.2,47.39,97.3
SNG0823,Hip-Hop,Sep,Sun,0,0,1,1,122.9,14,8.8,224,30.7,1.5,31.09,73.2
SNG0824,Hip-Hop,Oct,Tue,0,1,1,1,23.5,11,4,221,30,26.2,35.44,88.1
SNG0825,Rock,Aug,Wed,0,0,0,1,74.6,22,8.1,166,41.1,75,39.83,100
SNG0826,EDM,Aug,Sat,0,0,1,1,392.9,15,11.2,186,63.2,24.4,42,100
SNG0827,Hip-Hop,Jan,Thu,0,1,0,1,107.1,12,3.4,251,90.5,27.3,59.71,100
SNG0828,Hip-Hop,Oct,Fri,1,0,0,0,56.2,26,2.7,183,73.6,6.5,53.18,100
SNG0829,Latin,Nov,Sat,1,1,0,0,45.1,18,8.4,255,68.7,11,46.53,100
SNG0830,R&B,May,Fri,0,1,1,1,16.2,22,1.7,188,56.6,13.3,35.34,90.9
SNG0831,Hip-Hop,Apr,Wed,1,1,1,1,92.7,15,14.9,210,34,5.2,45.38,95.3
SNG0832,R&B,Feb,Sat,1,0,0,1,260.7,22,5.5,199,67.3,8.2,43.54,74.5
SNG0833,Pop,Aug,Mon,0,0,0,0,37.7,17,4.9,178,94.5,4.1,34.16,100
SNG0834,Pop,Mar,Sat,0,1,0,1,17.2,21,8.9,178,53.7,6.6,30.01,71.2
SNG0835,R&B,Apr,Mon,1,0,1,1,41.9,15,8.5,182,47.9,17.7,40.28,78.3
SNG0836,R&B,Dec,Fri,1,0,1,0,123.6,16,5.5,210,53.8,2.2,41.27,96.6
SNG0837,EDM,Jul,Mon,1,0,0,1,49.4,8,12.1,233,68.8,19.3,39.11,92.3
SNG0838,Hip-Hop,Oct,Fri,0,1,0,1,37.5,17,3,208,60,2.6,28.1,89
SNG0839,Rock,Sep,Mon,1,1,0,0,67.6,17,10.4,204,74.4,9.4,42.48,87.9
SNG0840,Rock,Feb,Sat,0,0,0,0,78.3,19,2.1,244,57.4,10.1,32.75,78.8
SNG0841,Pop,Mar,Fri,0,1,0,0,25.2,14,8.7,206,53.7,14.3,26.57,81.2
SNG0842,Latin,Apr,Tue,1,1,1,0,57.3,16,4.1,188,62.1,7.8,42.12,99.3
SNG0843,Pop,Oct,Fri,0,0,0,1,47.1,18,1.7,173,48.3,3.9,22.74,56.2
SNG0844,Indie,Jan,Fri,0,1,0,0,42.6,22,6.9,246,89.3,10.5,28.77,93.4
SNG0845,Pop,Jul,Wed,0,0,0,0,32.7,22,5.3,194,72.8,51.3,58.99,100
SNG0846,R&B,Feb,Mon,0,1,0,0,128.9,9,1.4,186,38.2,8.9,32.28,77.8
SNG0847,Pop,May,Fri,0,0,0,0,42.5,25,0.8,184,44.6,4.5,31.99,85.9
SNG0848,Indie,Jan,Tue,1,1,0,0,16.5,18,4.8,244,68.2,6.2,30.83,69.7
SNG0849,R&B,Mar,Tue,0,1,0,0,80.2,12,23.5,187,61.3,10.2,32.52,85.6
SNG0850,Rock,Dec,Wed,1,1,1,1,110.8,13,7.3,237,63.4,7.3,44.55,100
SNG0851,Pop,Feb,Fri,1,0,0,1,38.2,14,3,198,54.5,6.5,34.71,93.5
SNG0852,Latin,Jan,Fri,1,0,1,0,45.1,24,14.5,166,66.2,26.1,57.57,100
SNG0853,Pop,Jul,Mon,0,1,0,0,42.3,11,12.4,194,55,13.7,40.02,86.3
SNG0854,EDM,May,Sun,1,1,0,0,52.3,20,17.2,204,68.1,8.2,24.2,85.7
SNG0855,Pop,Jan,Sat,0,0,0,0,144.7,15,10.1,201,71.9,8.3,32.28,65
SNG0856,Pop,Jun,Wed,1,1,1,1,61.6,18,12.1,201,86.9,10.4,64.54,100
SNG0857,Pop,May,Tue,1,0,0,1,120,21,10.6,195,48.7,14.1,25.49,62.7
SNG0858,R&B,Mar,Sun,1,1,0,1,33.8,20,3.6,180,57.8,25.2,35.76,66.4
SNG0859,Rock,Dec,Fri,0,0,1,0,51,18,1.3,205,36.1,6.5,27.49,61.8
SNG0860,Pop,Jul,Thu,1,0,0,1,130,25,3.4,222,90.9,4.1,62.26,100
SNG0861,Country,Nov,Fri,0,0,1,0,37.9,17,14.8,158,22.4,5.8,23.14,42.9
SNG0862,R&B,Oct,Fri,1,0,0,1,135.4,20,3.9,247,88.3,4.5,54.32,100
SNG0863,Rock,Sep,Tue,1,1,0,1,43,23,4.8,120,59.7,2.7,31.64,72.4
SNG0864,R&B,Sep,Fri,0,1,0,1,53.2,14,1.9,207,65.5,27.9,31.22,91.1
SNG0865,R&B,Sep,Fri,1,0,1,0,214.7,15,3.3,220,55,17.9,32.21,82.4
SNG0866,Rock,Feb,Fri,0,1,0,0,49.2,14,5.4,186,58.6,1.5,27.41,86.2
SNG0867,Pop,Mar,Sat,0,0,0,1,73.8,12,8.5,137,68.6,10.7,17.56,80
SNG0868,Pop,Jul,Tue,0,0,0,0,102.7,21,3.6,202,28.5,6.7,20.57,54.4
SNG0869,EDM,May,Fri,0,1,0,0,78.1,25,3.4,210,46.3,6.1,48.9,88.2
SNG0870,Indie,Feb,Fri,1,1,0,1,79.7,17,11.7,168,42.8,1.2,28.43,86
SNG0871,Hip-Hop,Mar,Fri,0,1,0,0,64.1,21,7.3,178,66.1,8.8,52.6,100
SNG0872,Hip-Hop,Oct,Wed,0,1,0,1,26.8,14,8.2,236,58.1,9.6,41.41,90
SNG0873,Latin,Jun,Thu,1,1,0,0,85.1,16,21.7,209,69.1,3.5,47.11,90.1
SNG0874,R&B,Jul,Tue,1,0,0,1,39.9,23,3.5,157,61,33.1,43.66,85.6
SNG0875,Pop,Sep,Wed,1,1,0,0,114.8,21,5.2,219,77.1,17,49.61,100
SNG0876,Pop,Jan,Thu,1,1,0,1,174.2,19,9,175,44.7,3.8,50.23,100
SNG0877,Latin,Nov,Fri,1,1,0,0,18.8,14,2.5,180,59,20.5,36.05,94.1
SNG0878,Latin,Jul,Mon,0,1,1,1,174.5,14,6.7,211,78,6.2,48.2,100
SNG0879,Pop,Aug,Fri,0,1,0,1,50,19,5.6,208,74.4,21,49.42,93.8
SNG0880,Hip-Hop,Dec,Wed,1,0,1,0,60.8,21,66.7,192,31.4,2.8,37.04,94.1
SNG0881,Hip-Hop,Mar,Tue,0,1,0,0,35.2,23,6,189,39.6,10.3,17.23,62.9
SNG0882,Latin,Apr,Thu,1,0,0,0,76.1,21,15.5,197,56.5,3.4,30.7,71.1
SNG0883,Pop,Oct,Wed,0,0,0,0,69.9,21,11.6,180,53.8,4.6,34.71,72.3
SNG0884,Pop,Jun,Fri,0,0,0,0,141.7,20,1.9,240,56.8,1.9,39.38,96.1
SNG0885,Country,Oct,Thu,0,1,0,0,39.7,21,1.4,155,72.3,3.4,44.79,78.5
SNG0886,Pop,Jul,Sun,1,1,1,1,213.3,20,6.8,197,63.2,3.3,23.96,72.4
SNG0887,Latin,Apr,Sun,0,1,1,1,106.2,20,17,158,64.3,3,46.37,99.3
SNG0888,Hip-Hop,Aug,Fri,1,1,0,0,71.1,25,7.1,235,70.1,10.5,45.26,100
SNG0889,Pop,May,Sat,0,0,0,1,58.8,10,5.9,197,77.3,2.2,34.76,100
SNG0890,Hip-Hop,Jan,Mon,0,0,1,0,53.8,14,4.2,171,5,11.5,15.5,33.6
SNG0891,Latin,Apr,Fri,1,0,0,0,56.3,20,1.7,227,51,20.2,41.78,90.2
SNG0892,EDM,Mar,Fri,1,1,0,0,75,17,2.3,132,42.1,4.4,35.51,78.3
SNG0893,Country,Sep,Wed,0,0,0,1,57.6,16,1.3,214,66.6,8.4,35.59,72.7
SNG0894,Hip-Hop,Aug,Mon,1,1,0,0,42.6,24,2,242,49.7,6.9,46.44,87.4
SNG0895,Latin,Jan,Tue,0,0,0,1,75.3,24,3.4,211,59.4,6.5,25.3,59.3
SNG0896,Pop,Nov,Fri,0,0,1,0,37.1,16,11,189,73.3,1.2,44.25,88.9
SNG0897,Hip-Hop,Jun,Fri,0,1,1,1,83.6,18,3.7,165,47.1,3.7,45.33,100
SNG0898,EDM,Sep,Thu,1,1,0,1,57,12,6.9,240,64.5,29.1,25.61,83.1
SNG0899,Pop,Jul,Fri,1,0,1,0,108.6,14,6.2,235,86,11.7,43.33,95.5
SNG0900,Pop,Apr,Fri,0,1,0,1,133.3,16,8.6,184,73,7.4,44.77,83.7
SNG0901,Pop,Jan,Fri,1,1,0,1,133.2,15,2.2,185,29.5,1.8,28.94,72.3
SNG0902,Pop,Dec,Tue,0,1,1,0,83.3,11,14.2,243,52.7,14.5,30.66,88.9
SNG0903,Pop,Feb,Fri,0,1,0,0,90.4,20,1.5,222,64.4,4.4,42.12,86.4
SNG0904,Rock,Dec,Fri,0,0,0,0,53.2,25,3.7,148,68,3.4,44.18,100
SNG0905,R&B,May,Fri,0,0,0,1,107.2,28,5.4,199,53.5,3.6,32.12,72.9
SNG0906,EDM,Dec,Fri,0,0,1,1,116,18,10.8,198,46.5,13.6,30.43,91.2
SNG0907,Country,Nov,Fri,1,1,1,0,22.3,18,18.9,213,59.2,8.5,46.9,89.4
SNG0908,Hip-Hop,May,Wed,1,0,1,0,86.9,22,10.9,205,38.4,18,21.44,65.7
SNG0909,Hip-Hop,Aug,Fri,0,0,0,0,173.8,24,19.6,189,77.8,22.2,49.12,100
SNG0910,Hip-Hop,Jun,Sun,0,1,1,0,52,12,2.6,211,91.6,5,33.46,100
SNG0911,Rock,Aug,Fri,0,1,0,1,44.6,18,16,191,65.1,8.7,57.48,100
SNG0912,Hip-Hop,Feb,Mon,0,0,1,1,49.7,16,13.7,314,53.8,7.1,40.27,80.4
SNG0913,Rock,Mar,Mon,0,1,0,0,23.3,22,0.6,209,74.9,3,47.98,100
SNG0914,R&B,Jun,Sun,1,1,0,0,72.8,8,4.5,205,71.9,3.4,46.58,100
SNG0915,Rock,Dec,Mon,0,1,0,0,68.1,28,9.4,264,53,7.9,46.66,91.7
SNG0916,R&B,Oct,Mon,1,1,1,1,76.5,16,3.4,161,57.1,8.6,56.2,100
SNG0917,Hip-Hop,Mar,Thu,1,1,1,0,89.2,18,2.1,201,47,8.6,27.41,72.3
SNG0918,Indie,Jun,Sun,0,1,0,0,38.1,18,36.7,175,61,8.6,50.99,100
SNG0919,Country,Jun,Thu,1,0,0,1,80.7,31,6,225,63.4,4.7,53.4,99.2
SNG0920,Pop,Feb,Thu,0,1,1,0,90.9,16,6.2,189,44,49.3,35.31,93.7
SNG0921,EDM,Jul,Fri,1,0,0,0,47.4,17,1.7,224,38.7,10.9,28.11,79.7
SNG0922,R&B,Dec,Mon,0,1,1,1,89.5,14,3.2,221,34.1,5.7,28.23,62.5
SNG0923,EDM,Feb,Sat,0,0,1,0,70.6,21,2.4,230,65.5,12.5,54.31,92
SNG0924,Country,Jun,Fri,0,0,0,0,42.9,17,14.5,222,57.8,4.6,29.36,62.1
SNG0925,R&B,Jan,Fri,0,0,0,0,81.3,14,8.6,198,56.5,9.2,19.29,59
SNG0926,Pop,Mar,Sat,0,0,0,0,54.4,11,3.3,160,66.4,12.4,34.22,74.4
SNG0927,Hip-Hop,Feb,Sun,0,0,0,0,108.6,24,9.1,237,41.8,14,38.02,96.1
SNG0928,Rock,Jul,Fri,0,0,0,1,56.4,16,4.4,250,38.7,3.3,35.58,79.6
SNG0929,Rock,Apr,Wed,1,1,1,0,27,16,6.8,175,62.3,101.8,19.82,73.5
SNG0930,Hip-Hop,Aug,Sat,1,1,0,1,80.4,25,6.7,229,26.9,23.2,26.35,81
SNG0931,Pop,Jun,Thu,0,0,0,0,78.3,18,8,168,53.3,45.9,28.46,92
SNG0932,Country,Dec,Sun,0,1,0,0,31.3,14,7.2,212,99,7.4,56.96,100
SNG0933,Indie,Oct,Sun,1,0,0,0,112.8,25,8,218,33.7,11,14.04,46.6
SNG0934,Rock,Apr,Tue,1,0,1,0,108.7,23,16.9,191,50.3,9.3,30.3,80.8
SNG0935,Pop,May,Sun,1,1,0,0,36.3,20,9.7,208,19.8,5.8,37.43,100
SNG0936,Hip-Hop,Sep,Thu,0,0,0,0,42,17,4,232,53.8,16.5,41.51,76.4
SNG0937,Pop,Jul,Fri,0,1,1,0,60.4,20,5,201,93.4,4.5,47.69,100
SNG0938,EDM,Oct,Mon,0,1,0,0,39.2,23,16.6,183,66.4,15.8,37.91,100
SNG0939,Pop,Sep,Sat,0,1,0,1,104.4,22,6.1,166,47,6.1,44.09,84.1
SNG0940,Rock,Jul,Fri,1,1,0,0,74,10,3.9,192,97.3,12.4,40.83,100
SNG0941,Hip-Hop,Dec,Fri,1,0,1,0,31,17,3.1,167,26.6,29.1,41.79,77.8
SNG0942,Rock,Jan,Sat,1,0,0,0,37.5,12,7,193,66.2,8.1,33.61,69.3
SNG0943,Latin,Dec,Fri,1,1,1,0,153.1,11,2.5,190,59.2,16.8,36.82,93
SNG0944,Country,Aug,Fri,1,0,1,1,195.4,21,17.4,231,53.6,6,49.91,100
SNG0945,Pop,Apr,Sat,0,0,0,0,97.2,20,2.2,207,72.5,3.5,46.33,100
SNG0946,Pop,Mar,Fri,0,1,0,0,57.5,16,20.7,287,36.7,34.1,30.48,83.8
SNG0947,Pop,Jul,Sun,1,1,0,0,49,21,4.2,141,63.6,16.4,43.06,100
SNG0948,EDM,Dec,Sun,0,0,0,1,98,20,2.1,215,61.3,8.1,15.96,65.7
SNG0949,EDM,Mar,Thu,1,0,0,0,70.3,19,6.5,191,42.3,15.8,27.94,66
SNG0950,Rock,Aug,Fri,1,1,0,0,21.6,19,2.3,174,93.1,4,31.94,93.4
SNG0951,Rock,Jun,Wed,0,1,0,0,137.3,24,5.6,204,54.7,12.9,55.57,100
SNG0952,Latin,May,Fri,0,0,1,0,171.1,21,3.3,202,55.5,10.7,40.96,89.3
SNG0953,Pop,Apr,Thu,1,0,0,0,111.7,16,12.8,239,39.5,15.2,40.51,86.8
SNG0954,EDM,Aug,Fri,0,1,0,1,31.1,19,6.2,208,55.1,33.6,43.96,90.5
SNG0955,R&B,Aug,Tue,1,0,0,1,42.7,11,1.9,183,99,28.7,59.05,100
SNG0956,Hip-Hop,Dec,Tue,1,1,0,1,18.2,21,3.2,216,53.5,3,51.54,96.9
SNG0957,R&B,Jan,Wed,0,0,1,0,203.8,10,10.3,198,67.3,1.8,59.67,100
SNG0958,Pop,Sep,Tue,0,1,0,0,52,17,17.4,169,75.1,11,34.82,85
SNG0959,Pop,May,Fri,1,1,0,0,341.5,16,5.3,197,54.7,10.3,47.86,100
SNG0960,Latin,Apr,Tue,1,1,0,1,262.1,24,2.1,212,50.6,3.6,28.53,92.1
SNG0961,Pop,Jun,Tue,0,0,0,0,35.4,15,14.1,207,66.5,4.2,32.62,85.7
SNG0962,Rock,Jun,Mon,0,0,0,1,40.6,11,10.3,216,53.7,4.9,27.73,77
SNG0963,Hip-Hop,Feb,Fri,0,0,0,0,92.4,17,17.7,188,52,26.3,43.62,98
SNG0964,Hip-Hop,Aug,Sat,1,0,1,1,19.5,24,7.1,215,74.9,6.2,42.73,100
SNG0965,Hip-Hop,Jul,Tue,1,1,1,0,49.1,12,3.4,209,56.8,2.7,44.54,98.5
SNG0966,Hip-Hop,Jan,Fri,1,0,0,0,45.8,20,8.7,209,79.8,8.6,50.99,98.2
SNG0967,Latin,May,Fri,0,1,0,0,243.7,17,7.3,206,56.3,9,56.24,100
SNG0968,Hip-Hop,Dec,Wed,0,0,0,1,74.6,13,3.3,275,34.3,4,23.04,83.1
SNG0969,Rock,Jun,Fri,1,1,0,0,54.6,13,6.5,241,5,14.5,20.47,50.4
SNG0970,R&B,Apr,Wed,0,1,0,1,42.9,17,4.6,214,24.9,22.4,35.3,94.7
SNG0971,Latin,Feb,Fri,0,1,0,1,124.7,15,10.7,179,28,6.8,26.71,70.3
SNG0972,Indie,Apr,Mon,0,0,0,1,47.1,18,8.5,196,62.8,2.7,43.46,86.8
SNG0973,Latin,Jan,Sun,1,0,0,1,64.4,15,2.1,257,40.5,7.3,17.32,63.2
SNG0974,Pop,Jul,Mon,1,0,0,1,42.6,20,1.9,187,22.5,11.5,37.68,85.3
SNG0975,Pop,Feb,Fri,0,1,0,1,23.1,19,5,200,55.6,1.6,49.84,100
SNG0976,Hip-Hop,Feb,Sat,0,0,1,0,33.2,19,5.6,198,38.5,13.3,37.18,75.4
SNG0977,Rock,Sep,Mon,1,1,0,1,46.9,18,10.9,217,66.3,6.7,53.29,100
SNG0978,Pop,May,Fri,1,0,0,1,55.5,9,8.7,191,65.9,9.3,45.54,100
SNG0979,R&B,Feb,Thu,0,0,1,0,57.2,13,20.3,211,67.8,7.2,62.45,100
SNG0980,Rock,Nov,Fri,0,1,0,1,62.7,21,3.6,192,12,4.9,25.35,59.6
SNG0981,Hip-Hop,Sep,Wed,0,1,1,0,47.4,23,3.4,247,58.8,8.3,51.79,100
SNG0982,Country,Sep,Mon,1,1,0,0,171.5,20,2.3,183,55.8,6,38.34,80.6
SNG0983,Pop,Jan,Fri,0,1,0,0,129.5,20,10.7,236,36,6.8,59.41,100
SNG0984,Pop,Nov,Fri,0,1,0,0,60.7,17,5.6,186,19.5,4.5,34.93,80.3
SNG0985,Latin,Mar,Fri,1,1,0,1,79.7,23,1,178,56,13.9,47.75,100
SNG0986,R&B,Apr,Wed,1,1,1,1,51.4,25,6.6,183,77.2,24.3,44.96,100
SNG0987,Latin,Jul,Thu,0,0,1,1,10,19,7,150,11.5,4.5,29.76,90.9
SNG0988,R&B,Oct,Fri,1,0,1,1,67.6,20,4.8,219,43,8.2,50.39,97.4
SNG0989,Hip-Hop,Apr,Fri,0,1,0,0,82.6,15,7.1,168,60.4,3.8,45.28,90.5
SNG0990,Country,Feb,Thu,0,1,0,0,21.6,14,1.8,194,78.2,12.3,39.98,100
SNG0991,Country,Jul,Thu,0,1,0,0,94.6,14,24,229,52.4,10.8,43.88,94.6
SNG0992,Latin,Jun,Thu,1,1,0,1,54.8,22,7.7,228,92.8,5.7,32.67,100
SNG0993,Hip-Hop,Mar,Wed,0,0,1,0,84.5,24,1.1,159,25.7,8.4,28.99,73.8
SNG0994,Rock,Jun,Thu,1,0,0,1,56,16,5.4,215,21.7,18,35.02,72.8
SNG0995,Hip-Hop,Nov,Wed,1,0,0,1,160.1,12,7.9,241,76.3,2.5,27.73,94
SNG0996,Pop,Jun,Fri,1,1,0,1,78.1,16,2,185,15.7,3.2,30.56,89.1
SNG0997,EDM,Dec,Fri,1,0,1,0,134.5,18,8.8,221,66.3,14.4,42.06,100
SNG0998,Pop,May,Thu,1,1,1,0,142.5,21,24.8,168,52.7,9.4,29.55,64.1
SNG0999,Indie,Apr,Thu,0,0,0,1,30.5,18,3.1,217,41.8,8.5,25.79,86.8
SNG1000,R&B,Oct,Wed,0,0,0,1,39.8,19,8,209,50.3,19.2,40.1,90.6
